-- ============================================
-- Hospital Management System - Dummy Data
-- ============================================
-- This file contains:
-- - 10 Departments
-- - 40 Doctors
-- - 300 Patients (with Insurance)
-- - 600+ Appointments
-- ============================================

-- Start transaction for atomic insertion
BEGIN;

-- ============================================
-- 1. DEPARTMENTS (10 departments)
-- ============================================
INSERT INTO department (id, name, head_doctor_id) VALUES
(1, 'Cardiology', NULL),
(2, 'Neurology', NULL),
(3, 'Orthopedics', NULL),
(4, 'Pediatrics', NULL),
(5, 'Oncology', NULL),
(6, 'Emergency Medicine', NULL),
(7, 'Radiology', NULL),
(8, 'General Surgery', NULL),
(9, 'Psychiatry', NULL),
(10, 'Dermatology', NULL);

-- ============================================
-- 2. DOCTORS (40 doctors, 4 per department)
-- ============================================
INSERT INTO doctor (id, name, specilization, email) VALUES
-- Cardiology (4 doctors)
(1, 'Dr. Sarah Johnson', 'Cardiology', 'sarah.johnson@hospital.com'),
(2, 'Dr. Michael Chen', 'Cardiology', 'michael.chen@hospital.com'),
(3, 'Dr. Emily Rodriguez', 'Interventional Cardiology', 'emily.rodriguez@hospital.com'),
(4, 'Dr. James Wilson', 'Cardiac Surgery', 'james.wilson@hospital.com'),

-- Neurology (4 doctors)
(5, 'Dr. David Kim', 'Neurology', 'david.kim@hospital.com'),
(6, 'Dr. Lisa Anderson', 'Neurosurgery', 'lisa.anderson@hospital.com'),
(7, 'Dr. Robert Taylor', 'Pediatric Neurology', 'robert.taylor@hospital.com'),
(8, 'Dr. Maria Garcia', 'Neurology', 'maria.garcia@hospital.com'),

-- Orthopedics (4 doctors)
(9, 'Dr. Christopher Lee', 'Orthopedic Surgery', 'christopher.lee@hospital.com'),
(10, 'Dr. Jennifer Martinez', 'Sports Medicine', 'jennifer.martinez@hospital.com'),
(11, 'Dr. William Brown', 'Spine Surgery', 'william.brown@hospital.com'),
(12, 'Dr. Amanda White', 'Joint Replacement', 'amanda.white@hospital.com'),

-- Pediatrics (4 doctors)
(13, 'Dr. Daniel Harris', 'Pediatrics', 'daniel.harris@hospital.com'),
(14, 'Dr. Jessica Thompson', 'Neonatology', 'jessica.thompson@hospital.com'),
(15, 'Dr. Matthew Clark', 'Pediatric Emergency', 'matthew.clark@hospital.com'),
(16, 'Dr. Rachel Lewis', 'Pediatrics', 'rachel.lewis@hospital.com'),

-- Oncology (4 doctors)
(17, 'Dr. Andrew Walker', 'Medical Oncology', 'andrew.walker@hospital.com'),
(18, 'Dr. Sophia Hall', 'Radiation Oncology', 'sophia.hall@hospital.com'),
(19, 'Dr. Kevin Allen', 'Surgical Oncology', 'kevin.allen@hospital.com'),
(20, 'Dr. Nicole Young', 'Hematology-Oncology', 'nicole.young@hospital.com'),

-- Emergency Medicine (4 doctors)
(21, 'Dr. Brian King', 'Emergency Medicine', 'brian.king@hospital.com'),
(22, 'Dr. Lauren Wright', 'Emergency Medicine', 'lauren.wright@hospital.com'),
(23, 'Dr. Steven Scott', 'Trauma Surgery', 'steven.scott@hospital.com'),
(24, 'Dr. Michelle Green', 'Emergency Medicine', 'michelle.green@hospital.com'),

-- Radiology (4 doctors)
(25, 'Dr. Thomas Adams', 'Diagnostic Radiology', 'thomas.adams@hospital.com'),
(26, 'Dr. Elizabeth Baker', 'Interventional Radiology', 'elizabeth.baker@hospital.com'),
(27, 'Dr. Richard Nelson', 'Neuroradiology', 'richard.nelson@hospital.com'),
(28, 'Dr. Karen Carter', 'Radiology', 'karen.carter@hospital.com'),

-- General Surgery (4 doctors)
(29, 'Dr. Joseph Mitchell', 'General Surgery', 'joseph.mitchell@hospital.com'),
(30, 'Dr. Angela Perez', 'Laparoscopic Surgery', 'angela.perez@hospital.com'),
(31, 'Dr. Charles Roberts', 'Vascular Surgery', 'charles.roberts@hospital.com'),
(32, 'Dr. Patricia Turner', 'General Surgery', 'patricia.turner@hospital.com'),

-- Psychiatry (4 doctors)
(33, 'Dr. Mark Phillips', 'Psychiatry', 'mark.phillips@hospital.com'),
(34, 'Dr. Susan Campbell', 'Child Psychiatry', 'susan.campbell@hospital.com'),
(35, 'Dr. Paul Parker', 'Addiction Psychiatry', 'paul.parker@hospital.com'),
(36, 'Dr. Linda Evans', 'Geriatric Psychiatry', 'linda.evans@hospital.com'),

-- Dermatology (4 doctors)
(37, 'Dr. George Edwards', 'Dermatology', 'george.edwards@hospital.com'),
(38, 'Dr. Barbara Collins', 'Cosmetic Dermatology', 'barbara.collins@hospital.com'),
(39, 'Dr. Donald Stewart', 'Pediatric Dermatology', 'donald.stewart@hospital.com'),
(40, 'Dr. Nancy Morris', 'Dermatology', 'nancy.morris@hospital.com');

-- ============================================
-- 3. UPDATE DEPARTMENTS WITH HEAD DOCTORS
-- ============================================
UPDATE department SET head_doctor_id = 1 WHERE id = 1;  -- Cardiology
UPDATE department SET head_doctor_id = 5 WHERE id = 2;  -- Neurology
UPDATE department SET head_doctor_id = 9 WHERE id = 3;  -- Orthopedics
UPDATE department SET head_doctor_id = 13 WHERE id = 4; -- Pediatrics
UPDATE department SET head_doctor_id = 17 WHERE id = 5; -- Oncology
UPDATE department SET head_doctor_id = 21 WHERE id = 6; -- Emergency
UPDATE department SET head_doctor_id = 25 WHERE id = 7; -- Radiology
UPDATE department SET head_doctor_id = 29 WHERE id = 8; -- General Surgery
UPDATE department SET head_doctor_id = 33 WHERE id = 9; -- Psychiatry
UPDATE department SET head_doctor_id = 37 WHERE id = 10; -- Dermatology

-- ============================================
-- 4. DEPARTMENT-DOCTOR RELATIONSHIPS
-- ============================================
INSERT INTO my_dpt_doctors (dpt_id, doctor_id) VALUES
-- Cardiology
(1, 1), (1, 2), (1, 3), (1, 4),
-- Neurology
(2, 5), (2, 6), (2, 7), (2, 8),
-- Orthopedics
(3, 9), (3, 10), (3, 11), (3, 12),
-- Pediatrics
(4, 13), (4, 14), (4, 15), (4, 16),
-- Oncology
(5, 17), (5, 18), (5, 19), (5, 20),
-- Emergency Medicine
(6, 21), (6, 22), (6, 23), (6, 24),
-- Radiology
(7, 25), (7, 26), (7, 27), (7, 28),
-- General Surgery
(8, 29), (8, 30), (8, 31), (8, 32),
-- Psychiatry
(9, 33), (9, 34), (9, 35), (9, 36),
-- Dermatology
(10, 37), (10, 38), (10, 39), (10, 40);

-- ============================================
-- 5. INSURANCE (300 insurance policies)
-- ============================================
INSERT INTO insurance (id, policy_number, provider, valid_until, created_at) VALUES
(1, 'POL-2024-001', 'Blue Cross Blue Shield', '2026-10-28', '2024-01-15'),
(2, 'POL-2024-002', 'Aetna Health', '2026-12-27', '2024-01-16'),
(3, 'POL-2024-003', 'United Healthcare', '2026-09-28', '2024-01-17'),
(4, 'POL-2024-004', 'Cigna Insurance', '2026-11-27', '2024-01-18'),
(5, 'POL-2024-005', 'Humana Inc', '2027-02-25', '2024-01-19'),
(6, 'POL-2024-006', 'Kaiser Permanente', '2026-11-27', '2024-01-20'),
(7, 'POL-2024-007', 'Blue Cross Blue Shield', '2026-09-28', '2024-01-21'),
(8, 'POL-2024-008', 'Aetna Health', '2027-01-26', '2024-01-22'),
(9, 'POL-2024-009', 'United Healthcare', '2026-10-28', '2024-01-23'),
(10, 'POL-2024-010', 'Cigna Insurance', '2027-01-26', '2024-01-24'),
(11, 'POL-2024-011', 'Humana Inc', '2027-02-25', '2024-01-25'),
(12, 'POL-2024-012', 'Kaiser Permanente', '2026-12-27', '2024-01-26'),
(13, 'POL-2024-013', 'Blue Cross Blue Shield', '2027-01-26', '2024-01-27'),
(14, 'POL-2024-014', 'Aetna Health', '2026-12-27', '2024-01-28'),
(15, 'POL-2024-015', 'United Healthcare', '2026-09-28', '2024-01-29'),
(16, 'POL-2024-016', 'Cigna Insurance', '2026-10-28', '2024-01-30'),
(17, 'POL-2024-017', 'Humana Inc', '2027-01-26', '2024-01-31'),
(18, 'POL-2024-018', 'Kaiser Permanente', '2027-03-27', '2024-02-01'),
(19, 'POL-2024-019', 'Blue Cross Blue Shield', '2026-11-27', '2024-02-02'),
(20, 'POL-2024-020', 'Aetna Health', '2026-10-28', '2024-02-03'),
(21, 'POL-2024-021', 'United Healthcare', '2026-11-27', '2024-02-04'),
(22, 'POL-2024-022', 'Cigna Insurance', '2026-12-27', '2024-02-05'),
(23, 'POL-2024-023', 'Humana Inc', '2026-10-28', '2024-02-06'),
(24, 'POL-2024-024', 'Kaiser Permanente', '2026-12-27', '2024-02-07'),
(25, 'POL-2024-025', 'Blue Cross Blue Shield', '2027-03-27', '2024-02-08'),
(26, 'POL-2024-026', 'Aetna Health', '2027-03-27', '2024-02-09'),
(27, 'POL-2024-027', 'United Healthcare', '2026-12-27', '2024-02-10'),
(28, 'POL-2024-028', 'Cigna Insurance', '2027-01-26', '2024-02-11'),
(29, 'POL-2024-029', 'Humana Inc', '2027-01-26', '2024-02-12'),
(30, 'POL-2024-030', 'Kaiser Permanente', '2027-03-27', '2024-02-13'),
(31, 'POL-2024-031', 'Blue Cross Blue Shield', '2026-12-27', '2024-02-14'),
(32, 'POL-2024-032', 'Aetna Health', '2027-01-26', '2024-02-15'),
(33, 'POL-2024-033', 'United Healthcare', '2026-09-28', '2024-02-16'),
(34, 'POL-2024-034', 'Cigna Insurance', '2027-02-25', '2024-02-17'),
(35, 'POL-2024-035', 'Humana Inc', '2026-09-28', '2024-02-18'),
(36, 'POL-2024-036', 'Kaiser Permanente', '2026-12-27', '2024-02-19'),
(37, 'POL-2024-037', 'Blue Cross Blue Shield', '2027-03-27', '2024-02-20'),
(38, 'POL-2024-038', 'Aetna Health', '2027-02-25', '2024-02-21'),
(39, 'POL-2024-039', 'United Healthcare', '2026-09-28', '2024-02-22'),
(40, 'POL-2024-040', 'Cigna Insurance', '2027-03-27', '2024-02-23'),
(41, 'POL-2024-041', 'Humana Inc', '2027-03-27', '2024-02-24'),
(42, 'POL-2024-042', 'Kaiser Permanente', '2027-01-26', '2024-02-25'),
(43, 'POL-2024-043', 'Blue Cross Blue Shield', '2026-10-28', '2024-02-26'),
(44, 'POL-2024-044', 'Aetna Health', '2026-10-28', '2024-02-27'),
(45, 'POL-2024-045', 'United Healthcare', '2026-09-28', '2024-02-28'),
(46, 'POL-2024-046', 'Cigna Insurance', '2027-03-27', '2024-02-29'),
(47, 'POL-2024-047', 'Humana Inc', '2027-03-27', '2024-03-01'),
(48, 'POL-2024-048', 'Kaiser Permanente', '2026-11-27', '2024-03-02'),
(49, 'POL-2024-049', 'Blue Cross Blue Shield', '2026-12-27', '2024-03-03'),
(50, 'POL-2024-050', 'Aetna Health', '2027-03-27', '2024-03-04'),
(51, 'POL-2024-051', 'United Healthcare', '2026-09-28', '2024-03-05'),
(52, 'POL-2024-052', 'Cigna Insurance', '2027-03-27', '2024-03-06'),
(53, 'POL-2024-053', 'Humana Inc', '2027-03-27', '2024-03-07'),
(54, 'POL-2024-054', 'Kaiser Permanente', '2027-03-27', '2024-03-08'),
(55, 'POL-2024-055', 'Blue Cross Blue Shield', '2027-03-27', '2024-03-09'),
(56, 'POL-2024-056', 'Aetna Health', '2027-01-26', '2024-03-10'),
(57, 'POL-2024-057', 'United Healthcare', '2026-10-28', '2024-03-11'),
(58, 'POL-2024-058', 'Cigna Insurance', '2026-11-27', '2024-03-12'),
(59, 'POL-2024-059', 'Humana Inc', '2027-01-26', '2024-03-13'),
(60, 'POL-2024-060', 'Kaiser Permanente', '2026-12-27', '2024-03-14'),
(61, 'POL-2024-061', 'Blue Cross Blue Shield', '2026-09-28', '2024-03-15'),
(62, 'POL-2024-062', 'Aetna Health', '2027-02-25', '2024-03-16'),
(63, 'POL-2024-063', 'United Healthcare', '2027-01-26', '2024-03-17'),
(64, 'POL-2024-064', 'Cigna Insurance', '2027-01-26', '2024-03-18'),
(65, 'POL-2024-065', 'Humana Inc', '2026-11-27', '2024-03-19'),
(66, 'POL-2024-066', 'Kaiser Permanente', '2026-12-27', '2024-03-20'),
(67, 'POL-2024-067', 'Blue Cross Blue Shield', '2027-02-25', '2024-03-21'),
(68, 'POL-2024-068', 'Aetna Health', '2027-01-26', '2024-03-22'),
(69, 'POL-2024-069', 'United Healthcare', '2027-03-27', '2024-03-23'),
(70, 'POL-2024-070', 'Cigna Insurance', '2027-03-27', '2024-03-24'),
(71, 'POL-2024-071', 'Humana Inc', '2026-11-27', '2024-03-25'),
(72, 'POL-2024-072', 'Kaiser Permanente', '2027-02-25', '2024-03-26'),
(73, 'POL-2024-073', 'Blue Cross Blue Shield', '2027-03-27', '2024-03-27'),
(74, 'POL-2024-074', 'Aetna Health', '2026-10-28', '2024-03-28'),
(75, 'POL-2024-075', 'United Healthcare', '2026-10-28', '2024-03-29'),
(76, 'POL-2024-076', 'Cigna Insurance', '2027-01-26', '2024-03-30'),
(77, 'POL-2024-077', 'Humana Inc', '2027-02-25', '2024-03-31'),
(78, 'POL-2024-078', 'Kaiser Permanente', '2026-12-27', '2024-04-01'),
(79, 'POL-2024-079', 'Blue Cross Blue Shield', '2026-12-27', '2024-04-02'),
(80, 'POL-2024-080', 'Aetna Health', '2027-03-27', '2024-04-03'),
(81, 'POL-2024-081', 'United Healthcare', '2027-03-27', '2024-04-04'),
(82, 'POL-2024-082', 'Cigna Insurance', '2026-09-28', '2024-04-05'),
(83, 'POL-2024-083', 'Humana Inc', '2027-02-25', '2024-04-06'),
(84, 'POL-2024-084', 'Kaiser Permanente', '2026-10-28', '2024-04-07'),
(85, 'POL-2024-085', 'Blue Cross Blue Shield', '2027-02-25', '2024-04-08'),
(86, 'POL-2024-086', 'Aetna Health', '2027-03-27', '2024-04-09'),
(87, 'POL-2024-087', 'United Healthcare', '2026-12-27', '2024-04-10'),
(88, 'POL-2024-088', 'Cigna Insurance', '2026-11-27', '2024-04-11'),
(89, 'POL-2024-089', 'Humana Inc', '2027-03-27', '2024-04-12'),
(90, 'POL-2024-090', 'Kaiser Permanente', '2026-12-27', '2024-04-13'),
(91, 'POL-2024-091', 'Blue Cross Blue Shield', '2026-12-27', '2024-04-14'),
(92, 'POL-2024-092', 'Aetna Health', '2026-10-28', '2024-04-15'),
(93, 'POL-2024-093', 'United Healthcare', '2026-09-28', '2024-04-16'),
(94, 'POL-2024-094', 'Cigna Insurance', '2027-02-25', '2024-04-17'),
(95, 'POL-2024-095', 'Humana Inc', '2027-03-27', '2024-04-18'),
(96, 'POL-2024-096', 'Kaiser Permanente', '2026-09-28', '2024-04-19'),
(97, 'POL-2024-097', 'Blue Cross Blue Shield', '2026-12-27', '2024-04-20'),
(98, 'POL-2024-098', 'Aetna Health', '2027-01-26', '2024-04-21'),
(99, 'POL-2024-099', 'United Healthcare', '2027-01-26', '2024-04-22'),
(100, 'POL-2024-100', 'Cigna Insurance', '2027-02-25', '2024-04-23'),
(101, 'POL-2024-101', 'Humana Inc', '2027-03-27', '2024-04-24'),
(102, 'POL-2024-102', 'Kaiser Permanente', '2026-12-27', '2024-04-25'),
(103, 'POL-2024-103', 'Blue Cross Blue Shield', '2027-03-27', '2024-04-26'),
(104, 'POL-2024-104', 'Aetna Health', '2026-11-27', '2024-04-27'),
(105, 'POL-2024-105', 'United Healthcare', '2027-03-27', '2024-04-28'),
(106, 'POL-2024-106', 'Cigna Insurance', '2026-10-28', '2024-04-29'),
(107, 'POL-2024-107', 'Humana Inc', '2027-03-27', '2024-04-30'),
(108, 'POL-2024-108', 'Kaiser Permanente', '2026-12-27', '2024-05-01'),
(109, 'POL-2024-109', 'Blue Cross Blue Shield', '2027-02-25', '2024-05-02'),
(110, 'POL-2024-110', 'Aetna Health', '2026-10-28', '2024-05-03'),
(111, 'POL-2024-111', 'United Healthcare', '2027-03-27', '2024-05-04'),
(112, 'POL-2024-112', 'Cigna Insurance', '2027-02-25', '2024-05-05'),
(113, 'POL-2024-113', 'Humana Inc', '2027-03-27', '2024-05-06'),
(114, 'POL-2024-114', 'Kaiser Permanente', '2027-01-26', '2024-05-07'),
(115, 'POL-2024-115', 'Blue Cross Blue Shield', '2027-03-27', '2024-05-08'),
(116, 'POL-2024-116', 'Aetna Health', '2026-11-27', '2024-05-09'),
(117, 'POL-2024-117', 'United Healthcare', '2026-12-27', '2024-05-10'),
(118, 'POL-2024-118', 'Cigna Insurance', '2027-02-25', '2024-05-11'),
(119, 'POL-2024-119', 'Humana Inc', '2026-12-27', '2024-05-12'),
(120, 'POL-2024-120', 'Kaiser Permanente', '2027-01-26', '2024-05-13'),
(121, 'POL-2024-121', 'Blue Cross Blue Shield', '2026-09-28', '2024-05-14'),
(122, 'POL-2024-122', 'Aetna Health', '2026-09-28', '2024-05-15'),
(123, 'POL-2024-123', 'United Healthcare', '2026-12-27', '2024-05-16'),
(124, 'POL-2024-124', 'Cigna Insurance', '2026-11-27', '2024-05-17'),
(125, 'POL-2024-125', 'Humana Inc', '2026-09-28', '2024-05-18'),
(126, 'POL-2024-126', 'Kaiser Permanente', '2027-03-27', '2024-05-19'),
(127, 'POL-2024-127', 'Blue Cross Blue Shield', '2027-03-27', '2024-05-20'),
(128, 'POL-2024-128', 'Aetna Health', '2027-01-26', '2024-05-21'),
(129, 'POL-2024-129', 'United Healthcare', '2027-03-27', '2024-05-22'),
(130, 'POL-2024-130', 'Cigna Insurance', '2026-09-28', '2024-05-23'),
(131, 'POL-2024-131', 'Humana Inc', '2026-11-27', '2024-05-24'),
(132, 'POL-2024-132', 'Kaiser Permanente', '2027-01-26', '2024-05-25'),
(133, 'POL-2024-133', 'Blue Cross Blue Shield', '2027-02-25', '2024-05-26'),
(134, 'POL-2024-134', 'Aetna Health', '2027-03-27', '2024-05-27'),
(135, 'POL-2024-135', 'United Healthcare', '2027-01-26', '2024-05-28'),
(136, 'POL-2024-136', 'Cigna Insurance', '2026-11-27', '2024-05-29'),
(137, 'POL-2024-137', 'Humana Inc', '2027-01-26', '2024-05-30'),
(138, 'POL-2024-138', 'Kaiser Permanente', '2026-11-27', '2024-05-31'),
(139, 'POL-2024-139', 'Blue Cross Blue Shield', '2027-02-25', '2024-06-01'),
(140, 'POL-2024-140', 'Aetna Health', '2026-12-27', '2024-06-02'),
(141, 'POL-2024-141', 'United Healthcare', '2026-09-28', '2024-06-03'),
(142, 'POL-2024-142', 'Cigna Insurance', '2027-01-26', '2024-06-04'),
(143, 'POL-2024-143', 'Humana Inc', '2026-11-27', '2024-06-05'),
(144, 'POL-2024-144', 'Kaiser Permanente', '2026-10-28', '2024-06-06'),
(145, 'POL-2024-145', 'Blue Cross Blue Shield', '2027-01-26', '2024-06-07'),
(146, 'POL-2024-146', 'Aetna Health', '2027-02-25', '2024-06-08'),
(147, 'POL-2024-147', 'United Healthcare', '2027-03-27', '2024-06-09'),
(148, 'POL-2024-148', 'Cigna Insurance', '2026-11-27', '2024-06-10'),
(149, 'POL-2024-149', 'Humana Inc', '2026-10-28', '2024-06-11'),
(150, 'POL-2024-150', 'Kaiser Permanente', '2026-09-28', '2024-06-12'),
(151, 'POL-2024-151', 'Blue Cross Blue Shield', '2027-03-27', '2024-06-13'),
(152, 'POL-2024-152', 'Aetna Health', '2026-10-28', '2024-06-14'),
(153, 'POL-2024-153', 'United Healthcare', '2026-09-28', '2024-06-15'),
(154, 'POL-2024-154', 'Cigna Insurance', '2027-02-25', '2024-06-16'),
(155, 'POL-2024-155', 'Humana Inc', '2027-01-26', '2024-06-17'),
(156, 'POL-2024-156', 'Kaiser Permanente', '2027-01-26', '2024-06-18'),
(157, 'POL-2024-157', 'Blue Cross Blue Shield', '2026-10-28', '2024-06-19'),
(158, 'POL-2024-158', 'Aetna Health', '2027-02-25', '2024-06-20'),
(159, 'POL-2024-159', 'United Healthcare', '2026-09-28', '2024-06-21'),
(160, 'POL-2024-160', 'Cigna Insurance', '2026-11-27', '2024-06-22'),
(161, 'POL-2024-161', 'Humana Inc', '2027-01-26', '2024-06-23'),
(162, 'POL-2024-162', 'Kaiser Permanente', '2027-03-27', '2024-06-24'),
(163, 'POL-2024-163', 'Blue Cross Blue Shield', '2026-09-28', '2024-06-25'),
(164, 'POL-2024-164', 'Aetna Health', '2026-10-28', '2024-06-26'),
(165, 'POL-2024-165', 'United Healthcare', '2026-11-27', '2024-06-27'),
(166, 'POL-2024-166', 'Cigna Insurance', '2026-11-27', '2024-06-28'),
(167, 'POL-2024-167', 'Humana Inc', '2026-10-28', '2024-06-29'),
(168, 'POL-2024-168', 'Kaiser Permanente', '2026-09-28', '2024-06-30'),
(169, 'POL-2024-169', 'Blue Cross Blue Shield', '2026-11-27', '2024-07-01'),
(170, 'POL-2024-170', 'Aetna Health', '2027-01-26', '2024-07-02'),
(171, 'POL-2024-171', 'United Healthcare', '2026-10-28', '2024-07-03'),
(172, 'POL-2024-172', 'Cigna Insurance', '2026-11-27', '2024-07-04'),
(173, 'POL-2024-173', 'Humana Inc', '2027-03-27', '2024-07-05'),
(174, 'POL-2024-174', 'Kaiser Permanente', '2027-01-26', '2024-07-06'),
(175, 'POL-2024-175', 'Blue Cross Blue Shield', '2026-11-27', '2024-07-07'),
(176, 'POL-2024-176', 'Aetna Health', '2026-11-27', '2024-07-08'),
(177, 'POL-2024-177', 'United Healthcare', '2026-09-28', '2024-07-09'),
(178, 'POL-2024-178', 'Cigna Insurance', '2027-03-27', '2024-07-10'),
(179, 'POL-2024-179', 'Humana Inc', '2027-03-27', '2024-07-11'),
(180, 'POL-2024-180', 'Kaiser Permanente', '2026-10-28', '2024-07-12'),
(181, 'POL-2024-181', 'Blue Cross Blue Shield', '2026-12-27', '2024-07-13'),
(182, 'POL-2024-182', 'Aetna Health', '2026-10-28', '2024-07-14'),
(183, 'POL-2024-183', 'United Healthcare', '2027-03-27', '2024-07-15'),
(184, 'POL-2024-184', 'Cigna Insurance', '2027-03-27', '2024-07-16'),
(185, 'POL-2024-185', 'Humana Inc', '2026-12-27', '2024-07-17'),
(186, 'POL-2024-186', 'Kaiser Permanente', '2027-02-25', '2024-07-18'),
(187, 'POL-2024-187', 'Blue Cross Blue Shield', '2026-09-28', '2024-07-19'),
(188, 'POL-2024-188', 'Aetna Health', '2027-03-27', '2024-07-20'),
(189, 'POL-2024-189', 'United Healthcare', '2026-12-27', '2024-07-21'),
(190, 'POL-2024-190', 'Cigna Insurance', '2026-09-28', '2024-07-22'),
(191, 'POL-2024-191', 'Humana Inc', '2027-02-25', '2024-07-23'),
(192, 'POL-2024-192', 'Kaiser Permanente', '2026-12-27', '2024-07-24'),
(193, 'POL-2024-193', 'Blue Cross Blue Shield', '2026-11-27', '2024-07-25'),
(194, 'POL-2024-194', 'Aetna Health', '2026-10-28', '2024-07-26'),
(195, 'POL-2024-195', 'United Healthcare', '2026-10-28', '2024-07-27'),
(196, 'POL-2024-196', 'Cigna Insurance', '2026-12-27', '2024-07-28'),
(197, 'POL-2024-197', 'Humana Inc', '2027-01-26', '2024-07-29'),
(198, 'POL-2024-198', 'Kaiser Permanente', '2027-01-26', '2024-07-30'),
(199, 'POL-2024-199', 'Blue Cross Blue Shield', '2026-10-28', '2024-07-31'),
(200, 'POL-2024-200', 'Aetna Health', '2027-02-25', '2024-08-01'),
(201, 'POL-2024-201', 'United Healthcare', '2027-02-25', '2024-08-02'),
(202, 'POL-2024-202', 'Cigna Insurance', '2027-01-26', '2024-08-03'),
(203, 'POL-2024-203', 'Humana Inc', '2026-12-27', '2024-08-04'),
(204, 'POL-2024-204', 'Kaiser Permanente', '2027-03-27', '2024-08-05'),
(205, 'POL-2024-205', 'Blue Cross Blue Shield', '2026-10-28', '2024-08-06'),
(206, 'POL-2024-206', 'Aetna Health', '2027-03-27', '2024-08-07'),
(207, 'POL-2024-207', 'United Healthcare', '2026-09-28', '2024-08-08'),
(208, 'POL-2024-208', 'Cigna Insurance', '2026-11-27', '2024-08-09'),
(209, 'POL-2024-209', 'Humana Inc', '2026-11-27', '2024-08-10'),
(210, 'POL-2024-210', 'Kaiser Permanente', '2027-02-25', '2024-08-11'),
(211, 'POL-2024-211', 'Blue Cross Blue Shield', '2026-10-28', '2024-08-12'),
(212, 'POL-2024-212', 'Aetna Health', '2027-03-27', '2024-08-13'),
(213, 'POL-2024-213', 'United Healthcare', '2027-03-27', '2024-08-14'),
(214, 'POL-2024-214', 'Cigna Insurance', '2026-09-28', '2024-08-15'),
(215, 'POL-2024-215', 'Humana Inc', '2027-01-26', '2024-08-16'),
(216, 'POL-2024-216', 'Kaiser Permanente', '2026-12-27', '2024-08-17'),
(217, 'POL-2024-217', 'Blue Cross Blue Shield', '2026-10-28', '2024-08-18'),
(218, 'POL-2024-218', 'Aetna Health', '2026-11-27', '2024-08-19'),
(219, 'POL-2024-219', 'United Healthcare', '2026-12-27', '2024-08-20'),
(220, 'POL-2024-220', 'Cigna Insurance', '2026-10-28', '2024-08-21'),
(221, 'POL-2024-221', 'Humana Inc', '2026-12-27', '2024-08-22'),
(222, 'POL-2024-222', 'Kaiser Permanente', '2027-03-27', '2024-08-23'),
(223, 'POL-2024-223', 'Blue Cross Blue Shield', '2027-01-26', '2024-08-24'),
(224, 'POL-2024-224', 'Aetna Health', '2027-01-26', '2024-08-25'),
(225, 'POL-2024-225', 'United Healthcare', '2026-09-28', '2024-08-26'),
(226, 'POL-2024-226', 'Cigna Insurance', '2026-12-27', '2024-08-27'),
(227, 'POL-2024-227', 'Humana Inc', '2027-02-25', '2024-08-28'),
(228, 'POL-2024-228', 'Kaiser Permanente', '2027-03-27', '2024-08-29'),
(229, 'POL-2024-229', 'Blue Cross Blue Shield', '2026-09-28', '2024-08-30'),
(230, 'POL-2024-230', 'Aetna Health', '2026-12-27', '2024-08-31'),
(231, 'POL-2024-231', 'United Healthcare', '2027-01-26', '2024-09-01'),
(232, 'POL-2024-232', 'Cigna Insurance', '2026-10-28', '2024-09-02'),
(233, 'POL-2024-233', 'Humana Inc', '2027-03-27', '2024-09-03'),
(234, 'POL-2024-234', 'Kaiser Permanente', '2027-02-25', '2024-09-04'),
(235, 'POL-2024-235', 'Blue Cross Blue Shield', '2027-03-27', '2024-09-05'),
(236, 'POL-2024-236', 'Aetna Health', '2027-02-25', '2024-09-06'),
(237, 'POL-2024-237', 'United Healthcare', '2026-10-28', '2024-09-07'),
(238, 'POL-2024-238', 'Cigna Insurance', '2027-01-26', '2024-09-08'),
(239, 'POL-2024-239', 'Humana Inc', '2027-01-26', '2024-09-09'),
(240, 'POL-2024-240', 'Kaiser Permanente', '2027-01-26', '2024-09-10'),
(241, 'POL-2024-241', 'Blue Cross Blue Shield', '2026-11-27', '2024-09-11'),
(242, 'POL-2024-242', 'Aetna Health', '2026-09-28', '2024-09-12'),
(243, 'POL-2024-243', 'United Healthcare', '2026-12-27', '2024-09-13'),
(244, 'POL-2024-244', 'Cigna Insurance', '2026-11-27', '2024-09-14'),
(245, 'POL-2024-245', 'Humana Inc', '2026-09-28', '2024-09-15'),
(246, 'POL-2024-246', 'Kaiser Permanente', '2027-03-27', '2024-09-16'),
(247, 'POL-2024-247', 'Blue Cross Blue Shield', '2027-01-26', '2024-09-17'),
(248, 'POL-2024-248', 'Aetna Health', '2027-01-26', '2024-09-18'),
(249, 'POL-2024-249', 'United Healthcare', '2027-03-27', '2024-09-19'),
(250, 'POL-2024-250', 'Cigna Insurance', '2027-03-27', '2024-09-20'),
(251, 'POL-2024-251', 'Humana Inc', '2027-02-25', '2024-09-21'),
(252, 'POL-2024-252', 'Kaiser Permanente', '2026-12-27', '2024-09-22'),
(253, 'POL-2024-253', 'Blue Cross Blue Shield', '2026-11-27', '2024-09-23'),
(254, 'POL-2024-254', 'Aetna Health', '2027-01-26', '2024-09-24'),
(255, 'POL-2024-255', 'United Healthcare', '2027-02-25', '2024-09-25'),
(256, 'POL-2024-256', 'Cigna Insurance', '2027-02-25', '2024-09-26'),
(257, 'POL-2024-257', 'Humana Inc', '2027-03-27', '2024-09-27'),
(258, 'POL-2024-258', 'Kaiser Permanente', '2027-01-26', '2024-09-28'),
(259, 'POL-2024-259', 'Blue Cross Blue Shield', '2027-03-27', '2024-09-29'),
(260, 'POL-2024-260', 'Aetna Health', '2026-10-28', '2024-09-30'),
(261, 'POL-2024-261', 'United Healthcare', '2026-12-27', '2024-10-01'),
(262, 'POL-2024-262', 'Cigna Insurance', '2026-11-27', '2024-10-02'),
(263, 'POL-2024-263', 'Humana Inc', '2026-09-28', '2024-10-03'),
(264, 'POL-2024-264', 'Kaiser Permanente', '2026-10-28', '2024-10-04'),
(265, 'POL-2024-265', 'Blue Cross Blue Shield', '2026-12-27', '2024-10-05'),
(266, 'POL-2024-266', 'Aetna Health', '2026-11-27', '2024-10-06'),
(267, 'POL-2024-267', 'United Healthcare', '2026-11-27', '2024-10-07'),
(268, 'POL-2024-268', 'Cigna Insurance', '2027-01-26', '2024-10-08'),
(269, 'POL-2024-269', 'Humana Inc', '2026-09-28', '2024-10-09'),
(270, 'POL-2024-270', 'Kaiser Permanente', '2027-02-25', '2024-10-10'),
(271, 'POL-2024-271', 'Blue Cross Blue Shield', '2027-02-25', '2024-10-11'),
(272, 'POL-2024-272', 'Aetna Health', '2027-03-27', '2024-10-12'),
(273, 'POL-2024-273', 'United Healthcare', '2026-10-28', '2024-10-13'),
(274, 'POL-2024-274', 'Cigna Insurance', '2027-02-25', '2024-10-14'),
(275, 'POL-2024-275', 'Humana Inc', '2027-03-27', '2024-10-15'),
(276, 'POL-2024-276', 'Kaiser Permanente', '2026-10-28', '2024-10-16'),
(277, 'POL-2024-277', 'Blue Cross Blue Shield', '2026-12-27', '2024-10-17'),
(278, 'POL-2024-278', 'Aetna Health', '2027-02-25', '2024-10-18'),
(279, 'POL-2024-279', 'United Healthcare', '2027-03-27', '2024-10-19'),
(280, 'POL-2024-280', 'Cigna Insurance', '2027-01-26', '2024-10-20'),
(281, 'POL-2024-281', 'Humana Inc', '2026-12-27', '2024-10-21'),
(282, 'POL-2024-282', 'Kaiser Permanente', '2026-12-27', '2024-10-22'),
(283, 'POL-2024-283', 'Blue Cross Blue Shield', '2027-01-26', '2024-10-23'),
(284, 'POL-2024-284', 'Aetna Health', '2026-11-27', '2024-10-24'),
(285, 'POL-2024-285', 'United Healthcare', '2026-10-28', '2024-10-25'),
(286, 'POL-2024-286', 'Cigna Insurance', '2026-10-28', '2024-10-26'),
(287, 'POL-2024-287', 'Humana Inc', '2026-11-27', '2024-10-27'),
(288, 'POL-2024-288', 'Kaiser Permanente', '2026-12-27', '2024-10-28'),
(289, 'POL-2024-289', 'Blue Cross Blue Shield', '2026-09-28', '2024-10-29'),
(290, 'POL-2024-290', 'Aetna Health', '2027-01-26', '2024-10-30'),
(291, 'POL-2024-291', 'United Healthcare', '2027-02-25', '2024-10-31'),
(292, 'POL-2024-292', 'Cigna Insurance', '2027-03-27', '2024-11-01'),
(293, 'POL-2024-293', 'Humana Inc', '2026-11-27', '2024-11-02'),
(294, 'POL-2024-294', 'Kaiser Permanente', '2026-11-27', '2024-11-03'),
(295, 'POL-2024-295', 'Blue Cross Blue Shield', '2027-01-26', '2024-11-04'),
(296, 'POL-2024-296', 'Aetna Health', '2027-01-26', '2024-11-05'),
(297, 'POL-2024-297', 'United Healthcare', '2026-10-28', '2024-11-06'),
(298, 'POL-2024-298', 'Cigna Insurance', '2026-10-28', '2024-11-07'),
(299, 'POL-2024-299', 'Humana Inc', '2027-02-25', '2024-11-08'),
(300, 'POL-2024-300', 'Kaiser Permanente', '2027-01-26', '2024-11-09');

-- ============================================
-- 6. PATIENTS (300 patients with insurance)
-- ============================================
INSERT INTO patient (id, name, birth_date, email, gender, blood_group, insurance_id, created_at) VALUES
(1, 'Christopher Cooper', '1975-09-27', 'christopher.cooper1@email.com', 'Male', 'A_NEGATIVE', 1, '2024-01-15 18:31:00'),
(2, 'Patricia Perez', '2010-07-02', 'patricia.perez2@email.com', 'Female', 'AB_POSITIVE', 2, '2024-01-16 13:43:00'),
(3, 'John Reyes', '1973-02-22', 'john.reyes3@email.com', 'Male', 'O_NEGATIVE', 3, '2024-01-17 15:12:00'),
(4, 'Shirley Collins', '2004-07-01', 'shirley.collins4@email.com', 'Female', 'A_NEGATIVE', 4, '2024-01-18 17:17:00'),
(5, 'Jonathan Nelson', '1948-04-22', 'jonathan.nelson5@email.com', 'Male', 'O_NEGATIVE', 5, '2024-01-19 14:08:00'),
(6, 'Catherine Phillips', '1988-01-04', 'catherine.phillips6@email.com', 'Female', 'A_NEGATIVE', 6, '2024-01-20 11:53:00'),
(7, 'Ryan Carter', '1980-01-03', 'ryan.carter7@email.com', 'Male', 'O_POSITIVE', 7, '2024-01-21 17:25:00'),
(8, 'Katherine Hernandez', '2007-11-19', 'katherine.hernandez8@email.com', 'Female', 'B_POSITIVE', 8, '2024-01-22 16:22:00'),
(9, 'Brian Thomas', '2010-02-25', 'brian.thomas9@email.com', 'Male', 'AB_NEGATIVE', 9, '2024-01-23 15:22:00'),
(10, 'Ashley Allen', '1979-01-19', 'ashley.allen10@email.com', 'Female', 'O_POSITIVE', 10, '2024-01-24 16:01:00'),
(11, 'Jason Sanchez', '2009-03-06', 'jason.sanchez11@email.com', 'Male', 'A_POSITIVE', 11, '2024-01-25 17:31:00'),
(12, 'Jessica Diaz', '2005-07-13', 'jessica.diaz12@email.com', 'Female', 'B_NEGATIVE', 12, '2024-01-26 18:08:00'),
(13, 'Kevin Clark', '2007-11-28', 'kevin.clark13@email.com', 'Male', 'A_POSITIVE', 13, '2024-01-27 18:47:00'),
(14, 'Nicole Torres', '2002-11-01', 'nicole.torres14@email.com', 'Female', 'AB_POSITIVE', 14, '2024-01-28 16:04:00'),
(15, 'Jonathan Moore', '1944-05-19', 'jonathan.moore15@email.com', 'Male', 'A_POSITIVE', 15, '2024-01-29 13:33:00'),
(16, 'Kathleen Diaz', '1986-07-10', 'kathleen.diaz16@email.com', 'Female', 'A_POSITIVE', 16, '2024-01-30 17:12:00'),
(17, 'Kevin Davis', '1953-08-30', 'kevin.davis17@email.com', 'Male', 'B_POSITIVE', 17, '2024-01-31 12:25:00'),
(18, 'Kathleen Morris', '1990-11-19', 'kathleen.morris18@email.com', 'Female', 'A_NEGATIVE', 18, '2024-02-01 12:38:00'),
(19, 'Ryan Cox', '1951-12-21', 'ryan.cox19@email.com', 'Male', 'AB_POSITIVE', 19, '2024-02-02 19:13:00'),
(20, 'Julie Myers', '2001-03-13', 'julie.myers20@email.com', 'Female', 'O_NEGATIVE', 20, '2024-02-03 10:58:00'),
(21, 'Walter Robinson', '1991-07-09', 'walter.robinson21@email.com', 'Male', 'B_NEGATIVE', 21, '2024-02-04 18:48:00'),
(22, 'Betty Diaz', '2012-08-13', 'betty.diaz22@email.com', 'Female', 'A_NEGATIVE', 22, '2024-02-05 11:54:00'),
(23, 'Justin Myers', '1997-09-30', 'justin.myers23@email.com', 'Male', 'AB_NEGATIVE', 23, '2024-02-06 16:32:00'),
(24, 'Angela Ramirez', '2011-02-02', 'angela.ramirez24@email.com', 'Female', 'AB_POSITIVE', 24, '2024-02-07 13:10:00'),
(25, 'Joseph Ramirez', '1979-10-09', 'joseph.ramirez25@email.com', 'Male', 'AB_NEGATIVE', 25, '2024-02-08 19:29:00'),
(26, 'Jessica Anderson', '2018-10-27', 'jessica.anderson26@email.com', 'Female', 'B_NEGATIVE', 26, '2024-02-09 13:15:00'),
(27, 'Joshua Martin', '1983-12-02', 'joshua.martin27@email.com', 'Male', 'O_POSITIVE', 27, '2024-02-10 13:50:00'),
(28, 'Emma Brown', '1971-11-25', 'emma.brown28@email.com', 'Female', 'A_NEGATIVE', 28, '2024-02-11 15:31:00'),
(29, 'Mark Johnson', '1954-06-21', 'mark.johnson29@email.com', 'Male', 'AB_POSITIVE', 29, '2024-02-12 12:41:00'),
(30, 'Debra Williams', '1994-07-01', 'debra.williams30@email.com', 'Female', 'AB_POSITIVE', 30, '2024-02-13 18:21:00'),
(31, 'Timothy Cook', '1976-06-30', 'timothy.cook31@email.com', 'Male', 'O_NEGATIVE', 31, '2024-02-14 14:59:00'),
(32, 'Carol Rivera', '1999-02-18', 'carol.rivera32@email.com', 'Female', 'A_POSITIVE', 32, '2024-02-15 15:30:00'),
(33, 'Joshua Ramirez', '1984-02-18', 'joshua.ramirez33@email.com', 'Male', 'A_NEGATIVE', 33, '2024-02-16 10:30:00'),
(34, 'Stephanie Richardson', '1998-05-27', 'stephanie.richardson34@email.com', 'Female', 'AB_POSITIVE', 34, '2024-02-17 15:39:00'),
(35, 'Nathan Brooks', '1963-04-25', 'nathan.brooks35@email.com', 'Male', 'O_POSITIVE', 35, '2024-02-18 12:00:00'),
(36, 'Emma Lewis', '1968-10-10', 'emma.lewis36@email.com', 'Female', 'A_POSITIVE', 36, '2024-02-19 12:20:00'),
(37, 'John Roberts', '2003-06-07', 'john.roberts37@email.com', 'Male', 'B_POSITIVE', 37, '2024-02-20 15:54:00'),
(38, 'Nicole Flores', '1970-03-22', 'nicole.flores38@email.com', 'Female', 'O_NEGATIVE', 38, '2024-02-21 15:18:00'),
(39, 'Nathan Clark', '1985-02-24', 'nathan.clark39@email.com', 'Male', 'O_NEGATIVE', 39, '2024-02-22 14:51:00'),
(40, 'Brenda Lopez', '1978-11-07', 'brenda.lopez40@email.com', 'Female', 'O_NEGATIVE', 40, '2024-02-23 17:25:00'),
(41, 'Eric Mitchell', '1954-05-31', 'eric.mitchell41@email.com', 'Male', 'A_POSITIVE', 41, '2024-02-24 11:38:00'),
(42, 'Katherine Bennett', '1976-08-11', 'katherine.bennett42@email.com', 'Female', 'O_POSITIVE', 42, '2024-02-25 15:32:00'),
(43, 'Michael Cruz', '1971-10-04', 'michael.cruz43@email.com', 'Male', 'O_POSITIVE', 43, '2024-02-26 13:04:00'),
(44, 'Nicole Campbell', '1954-10-09', 'nicole.campbell44@email.com', 'Female', 'O_POSITIVE', 44, '2024-02-27 15:45:00'),
(45, 'William Nelson', '2017-03-02', 'william.nelson45@email.com', 'Male', 'A_NEGATIVE', 45, '2024-02-28 11:05:00'),
(46, 'Ruth Gomez', '1960-04-13', 'ruth.gomez46@email.com', 'Female', 'A_POSITIVE', 46, '2024-02-29 15:10:00'),
(47, 'Benjamin White', '1960-01-17', 'benjamin.white47@email.com', 'Male', 'O_POSITIVE', 47, '2024-03-01 12:07:00'),
(48, 'Kathleen Robinson', '1986-04-13', 'kathleen.robinson48@email.com', 'Female', 'AB_POSITIVE', 48, '2024-03-02 12:31:00'),
(49, 'Nathan Nelson', '1979-07-15', 'nathan.nelson49@email.com', 'Male', 'O_POSITIVE', 49, '2024-03-03 15:37:00'),
(50, 'Emma Edwards', '2018-10-17', 'emma.edwards50@email.com', 'Female', 'A_NEGATIVE', 50, '2024-03-04 18:25:00'),
(51, 'Michael Allen', '1977-08-03', 'michael.allen51@email.com', 'Male', 'B_NEGATIVE', 51, '2024-03-05 15:15:00'),
(52, 'Nancy Jackson', '2018-09-05', 'nancy.jackson52@email.com', 'Female', 'A_POSITIVE', 52, '2024-03-06 17:03:00'),
(53, 'William Turner', '2010-12-31', 'william.turner53@email.com', 'Male', 'O_POSITIVE', 53, '2024-03-07 10:41:00'),
(54, 'Katherine Flores', '2008-07-12', 'katherine.flores54@email.com', 'Female', 'B_NEGATIVE', 54, '2024-03-08 14:08:00'),
(55, 'Jason Brooks', '1972-03-25', 'jason.brooks55@email.com', 'Male', 'AB_NEGATIVE', 55, '2024-03-09 10:45:00'),
(56, 'Rachel Green', '1959-12-12', 'rachel.green56@email.com', 'Female', 'AB_NEGATIVE', 56, '2024-03-10 17:47:00'),
(57, 'Tyler Campbell', '1956-04-23', 'tyler.campbell57@email.com', 'Male', 'A_POSITIVE', 57, '2024-03-11 16:51:00'),
(58, 'Deborah Harris', '1989-01-15', 'deborah.harris58@email.com', 'Female', 'AB_POSITIVE', 58, '2024-03-12 18:59:00'),
(59, 'Henry Scott', '1949-10-24', 'henry.scott59@email.com', 'Male', 'O_NEGATIVE', 59, '2024-03-13 12:08:00'),
(60, 'Patricia Wood', '1992-10-29', 'patricia.wood60@email.com', 'Female', 'B_NEGATIVE', 60, '2024-03-14 13:41:00'),
(61, 'Jeffrey Bailey', '1974-06-14', 'jeffrey.bailey61@email.com', 'Male', 'A_NEGATIVE', 61, '2024-03-15 15:50:00'),
(62, 'Lisa Bennett', '1987-08-02', 'lisa.bennett62@email.com', 'Female', 'B_NEGATIVE', 62, '2024-03-16 15:46:00'),
(63, 'James James', '1998-02-04', 'james.james63@email.com', 'Male', 'O_NEGATIVE', 63, '2024-03-17 16:49:00'),
(64, 'Heather Edwards', '1995-03-23', 'heather.edwards64@email.com', 'Female', 'A_NEGATIVE', 64, '2024-03-18 16:26:00'),
(65, 'Jerry Nguyen', '1986-09-20', 'jerry.nguyen65@email.com', 'Male', 'AB_POSITIVE', 65, '2024-03-19 15:08:00'),
(66, 'Lisa Phillips', '2006-03-06', 'lisa.phillips66@email.com', 'Female', 'B_POSITIVE', 66, '2024-03-20 17:44:00'),
(67, 'Brandon Johnson', '2017-10-19', 'brandon.johnson67@email.com', 'Male', 'A_NEGATIVE', 67, '2024-03-21 18:37:00'),
(68, 'Betty Clark', '2010-12-12', 'betty.clark68@email.com', 'Female', 'B_NEGATIVE', 68, '2024-03-22 11:33:00'),
(69, 'Alexander Martin', '1989-06-18', 'alexander.martin69@email.com', 'Male', 'O_POSITIVE', 69, '2024-03-23 18:52:00'),
(70, 'Dorothy Thomas', '1972-10-09', 'dorothy.thomas70@email.com', 'Female', 'O_NEGATIVE', 70, '2024-03-24 18:55:00'),
(71, 'Jeremy James', '2010-06-02', 'jeremy.james71@email.com', 'Male', 'A_POSITIVE', 71, '2024-03-25 18:59:00'),
(72, 'Lisa Myers', '2015-07-06', 'lisa.myers72@email.com', 'Female', 'B_POSITIVE', 72, '2024-03-26 11:55:00'),
(73, 'Jeremy Robinson', '1950-01-08', 'jeremy.robinson73@email.com', 'Male', 'B_POSITIVE', 73, '2024-03-27 15:44:00'),
(74, 'Barbara Price', '1985-08-01', 'barbara.price74@email.com', 'Female', 'O_POSITIVE', 74, '2024-03-28 12:32:00'),
(75, 'Ryan Turner', '1970-08-23', 'ryan.turner75@email.com', 'Male', 'A_POSITIVE', 75, '2024-03-29 11:41:00'),
(76, 'Nancy Gomez', '1963-12-10', 'nancy.gomez76@email.com', 'Female', 'O_POSITIVE', 76, '2024-03-30 13:03:00'),
(77, 'Jeremy Sanchez', '1959-03-23', 'jeremy.sanchez77@email.com', 'Male', 'A_NEGATIVE', 77, '2024-03-31 14:37:00'),
(78, 'Susan Reyes', '2012-10-11', 'susan.reyes78@email.com', 'Female', 'AB_NEGATIVE', 78, '2024-04-01 14:25:00'),
(79, 'Ryan Walker', '2003-08-08', 'ryan.walker79@email.com', 'Male', 'AB_NEGATIVE', 79, '2024-04-02 12:19:00'),
(80, 'Lisa Campbell', '1954-12-03', 'lisa.campbell80@email.com', 'Female', 'AB_POSITIVE', 80, '2024-04-03 17:58:00'),
(81, 'Anthony Robinson', '1996-11-07', 'anthony.robinson81@email.com', 'Male', 'B_POSITIVE', 81, '2024-04-04 16:05:00'),
(82, 'Ruth King', '1988-03-31', 'ruth.king82@email.com', 'Female', 'A_NEGATIVE', 82, '2024-04-05 12:33:00'),
(83, 'Paul Reyes', '1962-06-18', 'paul.reyes83@email.com', 'Male', 'O_NEGATIVE', 83, '2024-04-06 17:46:00'),
(84, 'Samantha Reed', '1983-07-27', 'samantha.reed84@email.com', 'Female', 'A_POSITIVE', 84, '2024-04-07 14:21:00'),
(85, 'George Johnson', '2000-12-20', 'george.johnson85@email.com', 'Male', 'AB_NEGATIVE', 85, '2024-04-08 19:19:00'),
(86, 'Emma Gomez', '2005-09-14', 'emma.gomez86@email.com', 'Female', 'AB_POSITIVE', 86, '2024-04-09 11:34:00'),
(87, 'Tyler Thomas', '2000-12-03', 'tyler.thomas87@email.com', 'Male', 'O_POSITIVE', 87, '2024-04-10 12:28:00'),
(88, 'Melissa Stewart', '1996-12-29', 'melissa.stewart88@email.com', 'Female', 'AB_POSITIVE', 88, '2024-04-11 14:29:00'),
(89, 'Donald Brown', '2013-12-23', 'donald.brown89@email.com', 'Male', 'O_NEGATIVE', 89, '2024-04-12 11:29:00'),
(90, 'Maria Thompson', '2011-07-27', 'maria.thompson90@email.com', 'Female', 'A_POSITIVE', 90, '2024-04-13 17:43:00'),
(91, 'Kevin Moore', '1944-08-09', 'kevin.moore91@email.com', 'Male', 'A_NEGATIVE', 91, '2024-04-14 14:28:00'),
(92, 'Anna Rivera', '1951-04-10', 'anna.rivera92@email.com', 'Female', 'B_POSITIVE', 92, '2024-04-15 12:39:00'),
(93, 'Harold Mitchell', '1984-09-04', 'harold.mitchell93@email.com', 'Male', 'B_NEGATIVE', 93, '2024-04-16 14:58:00'),
(94, 'Mary Baker', '2000-01-30', 'mary.baker94@email.com', 'Female', 'B_POSITIVE', 94, '2024-04-17 13:08:00'),
(95, 'Thomas Campbell', '2018-03-06', 'thomas.campbell95@email.com', 'Male', 'A_POSITIVE', 95, '2024-04-18 15:03:00'),
(96, 'Cynthia Young', '1990-08-21', 'cynthia.young96@email.com', 'Female', 'O_NEGATIVE', 96, '2024-04-19 15:23:00'),
(97, 'Jacob Roberts', '1978-12-19', 'jacob.roberts97@email.com', 'Male', 'A_POSITIVE', 97, '2024-04-20 15:44:00'),
(98, 'Rachel Gonzalez', '1952-01-14', 'rachel.gonzalez98@email.com', 'Female', 'B_POSITIVE', 98, '2024-04-21 16:19:00'),
(99, 'Raymond Brooks', '1972-03-04', 'raymond.brooks99@email.com', 'Male', 'O_POSITIVE', 99, '2024-04-22 12:03:00'),
(100, 'Angela Bennett', '1984-05-06', 'angela.bennett100@email.com', 'Female', 'A_POSITIVE', 100, '2024-04-23 12:13:00'),
(101, 'James Collins', '1950-03-18', 'james.collins101@email.com', 'Male', 'O_POSITIVE', 101, '2024-04-24 15:04:00'),
(102, 'Maria Stewart', '1989-12-02', 'maria.stewart102@email.com', 'Female', 'O_POSITIVE', 102, '2024-04-25 13:23:00'),
(103, 'Justin Reed', '2016-05-30', 'justin.reed103@email.com', 'Male', 'AB_POSITIVE', 103, '2024-04-26 18:09:00'),
(104, 'Michelle King', '2002-08-21', 'michelle.king104@email.com', 'Female', 'AB_NEGATIVE', 104, '2024-04-27 15:30:00'),
(105, 'Brandon Adams', '2008-07-12', 'brandon.adams105@email.com', 'Male', 'A_NEGATIVE', 105, '2024-04-28 13:52:00'),
(106, 'Jennifer Bell', '1953-01-20', 'jennifer.bell106@email.com', 'Female', 'A_NEGATIVE', 106, '2024-04-29 13:33:00'),
(107, 'John Mitchell', '2004-06-16', 'john.mitchell107@email.com', 'Male', 'O_NEGATIVE', 107, '2024-04-30 13:48:00'),
(108, 'Laura Robinson', '2015-03-01', 'laura.robinson108@email.com', 'Female', 'B_NEGATIVE', 108, '2024-05-01 11:41:00'),
(109, 'Robert Wilson', '1991-06-01', 'robert.wilson109@email.com', 'Male', 'AB_NEGATIVE', 109, '2024-05-02 19:00:00'),
(110, 'Amy Sanchez', '2004-04-06', 'amy.sanchez110@email.com', 'Female', 'B_NEGATIVE', 110, '2024-05-03 18:16:00'),
(111, 'Robert Jackson', '1973-05-23', 'robert.jackson111@email.com', 'Male', 'A_NEGATIVE', 111, '2024-05-04 17:19:00'),
(112, 'Michelle Williams', '1965-06-27', 'michelle.williams112@email.com', 'Female', 'AB_POSITIVE', 112, '2024-05-05 16:11:00'),
(113, 'Douglas Bennett', '1956-01-28', 'douglas.bennett113@email.com', 'Male', 'A_POSITIVE', 113, '2024-05-06 18:03:00'),
(114, 'Christine Richardson', '1985-01-20', 'christine.richardson114@email.com', 'Female', 'O_POSITIVE', 114, '2024-05-07 18:36:00'),
(115, 'Jonathan Lewis', '1958-05-08', 'jonathan.lewis115@email.com', 'Male', 'A_POSITIVE', 115, '2024-05-08 15:34:00'),
(116, 'Ruth Scott', '2010-08-31', 'ruth.scott116@email.com', 'Female', 'AB_POSITIVE', 116, '2024-05-09 15:51:00'),
(117, 'Justin Morales', '1988-02-26', 'justin.morales117@email.com', 'Male', 'A_POSITIVE', 117, '2024-05-10 19:03:00'),
(118, 'Debra Scott', '1982-06-30', 'debra.scott118@email.com', 'Female', 'A_NEGATIVE', 118, '2024-05-11 12:43:00'),
(119, 'Michael Evans', '1964-05-08', 'michael.evans119@email.com', 'Male', 'AB_POSITIVE', 119, '2024-05-12 14:25:00'),
(120, 'Brenda Reed', '1949-04-29', 'brenda.reed120@email.com', 'Female', 'A_NEGATIVE', 120, '2024-05-13 17:04:00'),
(121, 'Andrew Murphy', '1959-03-07', 'andrew.murphy121@email.com', 'Male', 'O_POSITIVE', 121, '2024-05-14 12:54:00'),
(122, 'Sarah Price', '1985-11-15', 'sarah.price122@email.com', 'Female', 'O_POSITIVE', 122, '2024-05-15 14:36:00'),
(123, 'Ryan Lewis', '1994-04-25', 'ryan.lewis123@email.com', 'Male', 'AB_NEGATIVE', 123, '2024-05-16 14:01:00'),
(124, 'Rachel Ramirez', '1966-04-24', 'rachel.ramirez124@email.com', 'Female', 'A_POSITIVE', 124, '2024-05-17 12:41:00'),
(125, 'Matthew Hughes', '1951-12-30', 'matthew.hughes125@email.com', 'Male', 'A_NEGATIVE', 125, '2024-05-18 18:25:00'),
(126, 'Amanda Parker', '1951-04-16', 'amanda.parker126@email.com', 'Female', 'A_POSITIVE', 126, '2024-05-19 18:36:00'),
(127, 'Mark Walker', '1969-04-15', 'mark.walker127@email.com', 'Male', 'B_NEGATIVE', 127, '2024-05-20 14:11:00'),
(128, 'Betty Walker', '2016-10-19', 'betty.walker128@email.com', 'Female', 'B_NEGATIVE', 128, '2024-05-21 14:39:00'),
(129, 'Kyle Morgan', '1965-10-17', 'kyle.morgan129@email.com', 'Male', 'A_POSITIVE', 129, '2024-05-22 11:55:00'),
(130, 'Diane Campbell', '1980-07-05', 'diane.campbell130@email.com', 'Female', 'A_NEGATIVE', 130, '2024-05-23 16:40:00'),
(131, 'Tyler King', '2007-01-26', 'tyler.king131@email.com', 'Male', 'B_NEGATIVE', 131, '2024-05-24 11:04:00'),
(132, 'Nicole Brown', '2016-02-18', 'nicole.brown132@email.com', 'Female', 'AB_POSITIVE', 132, '2024-05-25 11:02:00'),
(133, 'Joshua James', '2009-04-27', 'joshua.james133@email.com', 'Male', 'A_POSITIVE', 133, '2024-05-26 18:16:00'),
(134, 'Debra Cox', '1969-01-26', 'debra.cox134@email.com', 'Female', 'A_POSITIVE', 134, '2024-05-27 11:32:00'),
(135, 'Brandon Reed', '1966-01-16', 'brandon.reed135@email.com', 'Male', 'A_NEGATIVE', 135, '2024-05-28 15:34:00'),
(136, 'Mary Miller', '1983-05-20', 'mary.miller136@email.com', 'Female', 'AB_NEGATIVE', 136, '2024-05-29 14:04:00'),
(137, 'Anthony Gomez', '2016-09-20', 'anthony.gomez137@email.com', 'Male', 'O_NEGATIVE', 137, '2024-05-30 15:53:00'),
(138, 'Amanda Mitchell', '1956-04-14', 'amanda.mitchell138@email.com', 'Female', 'AB_NEGATIVE', 138, '2024-05-31 15:49:00'),
(139, 'Nicholas Jackson', '2004-12-12', 'nicholas.jackson139@email.com', 'Male', 'A_POSITIVE', 139, '2024-06-01 14:01:00'),
(140, 'Anna Morales', '1967-05-16', 'anna.morales140@email.com', 'Female', 'A_POSITIVE', 140, '2024-06-02 17:07:00'),
(141, 'Harold Kelly', '1947-12-29', 'harold.kelly141@email.com', 'Male', 'O_NEGATIVE', 141, '2024-06-03 14:40:00'),
(142, 'Karen Diaz', '1963-07-02', 'karen.diaz142@email.com', 'Female', 'AB_NEGATIVE', 142, '2024-06-04 19:11:00'),
(143, 'Kevin Reyes', '2019-05-18', 'kevin.reyes143@email.com', 'Male', 'B_NEGATIVE', 143, '2024-06-05 18:51:00'),
(144, 'Sharon James', '1989-05-22', 'sharon.james144@email.com', 'Female', 'A_NEGATIVE', 144, '2024-06-06 11:06:00'),
(145, 'Donald Gomez', '2002-05-05', 'donald.gomez145@email.com', 'Male', 'B_POSITIVE', 145, '2024-06-07 13:17:00'),
(146, 'Diane Myers', '1958-12-10', 'diane.myers146@email.com', 'Female', 'B_NEGATIVE', 146, '2024-06-08 17:19:00'),
(147, 'Joseph Howard', '2005-11-23', 'joseph.howard147@email.com', 'Male', 'B_NEGATIVE', 147, '2024-06-09 16:12:00'),
(148, 'Maria Moore', '1999-07-21', 'maria.moore148@email.com', 'Female', 'B_POSITIVE', 148, '2024-06-10 16:54:00'),
(149, 'Donald Scott', '2015-11-07', 'donald.scott149@email.com', 'Male', 'O_POSITIVE', 149, '2024-06-11 13:39:00'),
(150, 'Carolyn Reyes', '1952-09-12', 'carolyn.reyes150@email.com', 'Female', 'O_POSITIVE', 150, '2024-06-12 11:26:00'),
(151, 'Nicholas Scott', '2016-05-14', 'nicholas.scott151@email.com', 'Male', 'B_POSITIVE', 151, '2024-06-13 16:45:00'),
(152, 'Margaret Reyes', '1952-07-14', 'margaret.reyes152@email.com', 'Female', 'O_POSITIVE', 152, '2024-06-14 11:22:00'),
(153, 'David Jackson', '1962-02-26', 'david.jackson153@email.com', 'Male', 'O_POSITIVE', 153, '2024-06-15 11:30:00'),
(154, 'Janet Hughes', '1956-08-09', 'janet.hughes154@email.com', 'Female', 'AB_POSITIVE', 154, '2024-06-16 13:10:00'),
(155, 'Timothy Phillips', '2006-05-18', 'timothy.phillips155@email.com', 'Male', 'A_POSITIVE', 155, '2024-06-17 14:42:00'),
(156, 'Samantha Hernandez', '1996-10-13', 'samantha.hernandez156@email.com', 'Female', 'O_POSITIVE', 156, '2024-06-18 14:43:00'),
(157, 'Tyler Reyes', '1958-12-31', 'tyler.reyes157@email.com', 'Male', 'A_POSITIVE', 157, '2024-06-19 12:49:00'),
(158, 'Nancy Kelly', '1958-11-12', 'nancy.kelly158@email.com', 'Female', 'O_POSITIVE', 158, '2024-06-20 15:31:00'),
(159, 'Nathan Torres', '1960-04-14', 'nathan.torres159@email.com', 'Male', 'A_NEGATIVE', 159, '2024-06-21 18:42:00'),
(160, 'Jessica Taylor', '1953-04-08', 'jessica.taylor160@email.com', 'Female', 'AB_POSITIVE', 160, '2024-06-22 18:56:00'),
(161, 'Douglas Garcia', '1986-06-12', 'douglas.garcia161@email.com', 'Male', 'B_NEGATIVE', 161, '2024-06-23 14:28:00'),
(162, 'Maria Nguyen', '2000-05-28', 'maria.nguyen162@email.com', 'Female', 'AB_POSITIVE', 162, '2024-06-24 15:53:00'),
(163, 'Aaron Garcia', '1988-06-30', 'aaron.garcia163@email.com', 'Male', 'B_POSITIVE', 163, '2024-06-25 17:07:00'),
(164, 'Lisa Robinson', '1995-12-16', 'lisa.robinson164@email.com', 'Female', 'O_NEGATIVE', 164, '2024-06-26 11:17:00'),
(165, 'Jason Reed', '1964-09-01', 'jason.reed165@email.com', 'Male', 'A_POSITIVE', 165, '2024-06-27 16:16:00'),
(166, 'Nancy Cook', '2017-05-13', 'nancy.cook166@email.com', 'Female', 'O_NEGATIVE', 166, '2024-06-28 18:33:00'),
(167, 'Timothy Howard', '1994-03-29', 'timothy.howard167@email.com', 'Male', 'O_NEGATIVE', 167, '2024-06-29 11:47:00'),
(168, 'Brenda Watson', '1982-09-11', 'brenda.watson168@email.com', 'Female', 'O_POSITIVE', 168, '2024-06-30 18:43:00'),
(169, 'Mark Myers', '1989-05-26', 'mark.myers169@email.com', 'Male', 'O_POSITIVE', 169, '2024-07-01 16:13:00'),
(170, 'Rebecca Reed', '1959-10-19', 'rebecca.reed170@email.com', 'Female', 'A_POSITIVE', 170, '2024-07-02 13:23:00'),
(171, 'Paul Mitchell', '2003-11-19', 'paul.mitchell171@email.com', 'Male', 'A_NEGATIVE', 171, '2024-07-03 19:29:00'),
(172, 'Lisa Hughes', '1974-12-25', 'lisa.hughes172@email.com', 'Female', 'B_POSITIVE', 172, '2024-07-04 16:12:00'),
(173, 'Benjamin King', '1987-05-01', 'benjamin.king173@email.com', 'Male', 'B_NEGATIVE', 173, '2024-07-05 16:45:00'),
(174, 'Dorothy Smith', '1967-03-31', 'dorothy.smith174@email.com', 'Female', 'B_NEGATIVE', 174, '2024-07-06 10:30:00'),
(175, 'Michael Harris', '2012-10-30', 'michael.harris175@email.com', 'Male', 'A_POSITIVE', 175, '2024-07-07 11:44:00'),
(176, 'Susan Rogers', '1979-11-05', 'susan.rogers176@email.com', 'Female', 'AB_NEGATIVE', 176, '2024-07-08 16:13:00'),
(177, 'Walter Edwards', '1966-08-20', 'walter.edwards177@email.com', 'Male', 'A_POSITIVE', 177, '2024-07-09 14:32:00'),
(178, 'Carolyn Gomez', '1971-05-13', 'carolyn.gomez178@email.com', 'Female', 'O_POSITIVE', 178, '2024-07-10 13:49:00'),
(179, 'Timothy Williams', '1996-08-23', 'timothy.williams179@email.com', 'Male', 'O_NEGATIVE', 179, '2024-07-11 12:42:00'),
(180, 'Stephanie Diaz', '1961-05-19', 'stephanie.diaz180@email.com', 'Female', 'B_POSITIVE', 180, '2024-07-12 17:46:00'),
(181, 'Patrick Rivera', '1999-02-25', 'patrick.rivera181@email.com', 'Male', 'A_NEGATIVE', 181, '2024-07-13 13:14:00'),
(182, 'Susan Bailey', '1956-03-06', 'susan.bailey182@email.com', 'Female', 'O_NEGATIVE', 182, '2024-07-14 18:52:00'),
(183, 'Ryan Reyes', '1956-06-23', 'ryan.reyes183@email.com', 'Male', 'B_POSITIVE', 183, '2024-07-15 15:28:00'),
(184, 'Elizabeth Moore', '1953-09-02', 'elizabeth.moore184@email.com', 'Female', 'A_NEGATIVE', 184, '2024-07-16 11:02:00'),
(185, 'Raymond Cruz', '2000-03-28', 'raymond.cruz185@email.com', 'Male', 'O_NEGATIVE', 185, '2024-07-17 12:30:00'),
(186, 'Anna Brown', '1962-06-18', 'anna.brown186@email.com', 'Female', 'A_NEGATIVE', 186, '2024-07-18 14:42:00'),
(187, 'Harold Cruz', '2007-10-04', 'harold.cruz187@email.com', 'Male', 'B_NEGATIVE', 187, '2024-07-19 14:17:00'),
(188, 'Nicole Peterson', '1995-03-29', 'nicole.peterson188@email.com', 'Female', 'AB_POSITIVE', 188, '2024-07-20 11:04:00'),
(189, 'Jacob Green', '1995-03-29', 'jacob.green189@email.com', 'Male', 'A_POSITIVE', 189, '2024-07-21 13:27:00'),
(190, 'Pamela Stewart', '2003-12-29', 'pamela.stewart190@email.com', 'Female', 'A_NEGATIVE', 190, '2024-07-22 14:23:00'),
(191, 'Daniel Parker', '2009-03-16', 'daniel.parker191@email.com', 'Male', 'O_NEGATIVE', 191, '2024-07-23 15:33:00'),
(192, 'Ashley Lopez', '1992-02-29', 'ashley.lopez192@email.com', 'Female', 'AB_POSITIVE', 192, '2024-07-24 13:58:00'),
(193, 'Zachary King', '1997-02-11', 'zachary.king193@email.com', 'Male', 'B_POSITIVE', 193, '2024-07-25 16:33:00'),
(194, 'Amy Wright', '1988-05-12', 'amy.wright194@email.com', 'Female', 'O_POSITIVE', 194, '2024-07-26 16:31:00'),
(195, 'Douglas Cruz', '1965-03-15', 'douglas.cruz195@email.com', 'Male', 'O_POSITIVE', 195, '2024-07-27 17:16:00'),
(196, 'Patricia Garcia', '1953-05-01', 'patricia.garcia196@email.com', 'Female', 'A_POSITIVE', 196, '2024-07-28 10:47:00'),
(197, 'Timothy Walker', '1980-12-17', 'timothy.walker197@email.com', 'Male', 'O_POSITIVE', 197, '2024-07-29 11:19:00'),
(198, 'Kathleen Kelly', '1956-06-01', 'kathleen.kelly198@email.com', 'Female', 'O_POSITIVE', 198, '2024-07-30 14:10:00'),
(199, 'John Young', '2015-03-03', 'john.young199@email.com', 'Male', 'AB_POSITIVE', 199, '2024-07-31 14:23:00'),
(200, 'Linda Cruz', '2002-08-11', 'linda.cruz200@email.com', 'Female', 'AB_NEGATIVE', 200, '2024-08-01 15:19:00'),
(201, 'James Cooper', '1946-01-16', 'james.cooper201@email.com', 'Male', 'B_NEGATIVE', 201, '2024-08-02 10:38:00'),
(202, 'Anna Bailey', '1953-03-19', 'anna.bailey202@email.com', 'Female', 'O_NEGATIVE', 202, '2024-08-03 10:40:00'),
(203, 'Mark Hernandez', '1990-04-05', 'mark.hernandez203@email.com', 'Male', 'B_NEGATIVE', 203, '2024-08-04 19:00:00'),
(204, 'Catherine Morgan', '1986-04-28', 'catherine.morgan204@email.com', 'Female', 'B_NEGATIVE', 204, '2024-08-05 19:04:00'),
(205, 'Timothy Bailey', '1966-07-29', 'timothy.bailey205@email.com', 'Male', 'B_NEGATIVE', 205, '2024-08-06 12:19:00'),
(206, 'Emma Bailey', '1995-07-04', 'emma.bailey206@email.com', 'Female', 'AB_POSITIVE', 206, '2024-08-07 10:36:00'),
(207, 'Brian Collins', '2015-08-31', 'brian.collins207@email.com', 'Male', 'B_POSITIVE', 207, '2024-08-08 11:15:00'),
(208, 'Susan Davis', '1990-03-11', 'susan.davis208@email.com', 'Female', 'B_POSITIVE', 208, '2024-08-09 16:12:00'),
(209, 'Kevin Turner', '1956-01-24', 'kevin.turner209@email.com', 'Male', 'AB_POSITIVE', 209, '2024-08-10 13:00:00'),
(210, 'Margaret King', '1983-01-24', 'margaret.king210@email.com', 'Female', 'AB_POSITIVE', 210, '2024-08-11 16:11:00'),
(211, 'Nicholas Collins', '1979-07-29', 'nicholas.collins211@email.com', 'Male', 'A_NEGATIVE', 211, '2024-08-12 17:42:00'),
(212, 'Susan Howard', '1978-03-07', 'susan.howard212@email.com', 'Female', 'AB_NEGATIVE', 212, '2024-08-13 10:32:00'),
(213, 'Christopher Reyes', '1990-02-16', 'christopher.reyes213@email.com', 'Male', 'B_NEGATIVE', 213, '2024-08-14 15:44:00'),
(214, 'Karen Mitchell', '2005-06-04', 'karen.mitchell214@email.com', 'Female', 'A_POSITIVE', 214, '2024-08-15 15:31:00'),
(215, 'Ryan Flores', '1969-05-21', 'ryan.flores215@email.com', 'Male', 'AB_NEGATIVE', 215, '2024-08-16 12:59:00'),
(216, 'Karen Bailey', '1964-05-27', 'karen.bailey216@email.com', 'Female', 'O_POSITIVE', 216, '2024-08-17 18:16:00'),
(217, 'David Walker', '1958-05-06', 'david.walker217@email.com', 'Male', 'B_NEGATIVE', 217, '2024-08-18 15:23:00'),
(218, 'Donna Wilson', '1996-08-13', 'donna.wilson218@email.com', 'Female', 'A_POSITIVE', 218, '2024-08-19 18:03:00'),
(219, 'Samuel Clark', '1958-02-03', 'samuel.clark219@email.com', 'Male', 'AB_NEGATIVE', 219, '2024-08-20 18:13:00'),
(220, 'Christine Murphy', '1964-01-09', 'christine.murphy220@email.com', 'Female', 'B_POSITIVE', 220, '2024-08-21 13:07:00'),
(221, 'Donald Collins', '1948-01-11', 'donald.collins221@email.com', 'Male', 'AB_NEGATIVE', 221, '2024-08-22 19:09:00'),
(222, 'Carolyn Brown', '2016-04-18', 'carolyn.brown222@email.com', 'Female', 'A_NEGATIVE', 222, '2024-08-23 13:38:00'),
(223, 'George White', '2006-06-04', 'george.white223@email.com', 'Male', 'AB_NEGATIVE', 223, '2024-08-24 15:16:00'),
(224, 'Rachel Thompson', '2005-08-06', 'rachel.thompson224@email.com', 'Female', 'A_NEGATIVE', 224, '2024-08-25 16:48:00'),
(225, 'Matthew Wilson', '2019-05-15', 'matthew.wilson225@email.com', 'Male', 'B_NEGATIVE', 225, '2024-08-26 14:27:00'),
(226, 'Jennifer Price', '1996-09-02', 'jennifer.price226@email.com', 'Female', 'AB_NEGATIVE', 226, '2024-08-27 16:34:00'),
(227, 'Donald Morris', '2004-06-08', 'donald.morris227@email.com', 'Male', 'AB_NEGATIVE', 227, '2024-08-28 10:53:00'),
(228, 'Jessica Price', '1953-05-31', 'jessica.price228@email.com', 'Female', 'A_POSITIVE', 228, '2024-08-29 17:01:00'),
(229, 'Mark Roberts', '1971-01-20', 'mark.roberts229@email.com', 'Male', 'B_NEGATIVE', 229, '2024-08-30 17:08:00'),
(230, 'Sharon Cruz', '2002-10-18', 'sharon.cruz230@email.com', 'Female', 'O_POSITIVE', 230, '2024-08-31 13:38:00'),
(231, 'Daniel Collins', '2005-09-23', 'daniel.collins231@email.com', 'Male', 'A_POSITIVE', 231, '2024-09-01 11:52:00'),
(232, 'Deborah Campbell', '1985-05-26', 'deborah.campbell232@email.com', 'Female', 'AB_NEGATIVE', 232, '2024-09-02 15:02:00'),
(233, 'Walter Bailey', '2019-03-04', 'walter.bailey233@email.com', 'Male', 'O_POSITIVE', 233, '2024-09-03 19:22:00'),
(234, 'Brenda Anderson', '2003-08-30', 'brenda.anderson234@email.com', 'Female', 'A_NEGATIVE', 234, '2024-09-04 18:17:00'),
(235, 'Jerry Torres', '1952-07-01', 'jerry.torres235@email.com', 'Male', 'AB_NEGATIVE', 235, '2024-09-05 15:14:00'),
(236, 'Michelle Hughes', '1952-04-25', 'michelle.hughes236@email.com', 'Female', 'A_NEGATIVE', 236, '2024-09-06 13:45:00'),
(237, 'Eric Hughes', '1962-11-24', 'eric.hughes237@email.com', 'Male', 'A_POSITIVE', 237, '2024-09-07 16:15:00'),
(238, 'Helen White', '2018-11-15', 'helen.white238@email.com', 'Female', 'A_NEGATIVE', 238, '2024-09-08 16:55:00'),
(239, 'Tyler Scott', '1990-06-15', 'tyler.scott239@email.com', 'Male', 'AB_NEGATIVE', 239, '2024-09-09 11:29:00'),
(240, 'Susan Martinez', '1991-05-04', 'susan.martinez240@email.com', 'Female', 'O_POSITIVE', 240, '2024-09-10 15:13:00'),
(241, 'Kevin Rivera', '2003-10-06', 'kevin.rivera241@email.com', 'Male', 'A_POSITIVE', 241, '2024-09-11 15:45:00'),
(242, 'Carol Martinez', '1973-01-02', 'carol.martinez242@email.com', 'Female', 'B_POSITIVE', 242, '2024-09-12 15:16:00'),
(243, 'Mark Taylor', '1984-07-05', 'mark.taylor243@email.com', 'Male', 'A_NEGATIVE', 243, '2024-09-13 12:57:00'),
(244, 'Helen Adams', '1948-11-19', 'helen.adams244@email.com', 'Female', 'A_POSITIVE', 244, '2024-09-14 12:06:00'),
(245, 'Brandon Martin', '1977-07-29', 'brandon.martin245@email.com', 'Male', 'A_POSITIVE', 245, '2024-09-15 15:52:00'),
(246, 'Deborah Howard', '2013-08-05', 'deborah.howard246@email.com', 'Female', 'O_POSITIVE', 246, '2024-09-16 17:23:00'),
(247, 'Raymond Hughes', '1955-12-29', 'raymond.hughes247@email.com', 'Male', 'B_NEGATIVE', 247, '2024-09-17 17:48:00'),
(248, 'Elizabeth Howard', '1958-07-31', 'elizabeth.howard248@email.com', 'Female', 'B_NEGATIVE', 248, '2024-09-18 17:18:00'),
(249, 'Eric Jackson', '1957-06-20', 'eric.jackson249@email.com', 'Male', 'B_NEGATIVE', 249, '2024-09-19 16:05:00'),
(250, 'Barbara Cruz', '1959-10-17', 'barbara.cruz250@email.com', 'Female', 'AB_POSITIVE', 250, '2024-09-20 16:14:00'),
(251, 'Timothy Watson', '2005-08-19', 'timothy.watson251@email.com', 'Male', 'O_POSITIVE', 251, '2024-09-21 18:43:00'),
(252, 'Carolyn Kelly', '1969-02-27', 'carolyn.kelly252@email.com', 'Female', 'O_NEGATIVE', 252, '2024-09-22 16:57:00'),
(253, 'Harold Reed', '1996-04-01', 'harold.reed253@email.com', 'Male', 'A_POSITIVE', 253, '2024-09-23 17:40:00'),
(254, 'Catherine Baker', '1946-10-18', 'catherine.baker254@email.com', 'Female', 'A_NEGATIVE', 254, '2024-09-24 12:45:00'),
(255, 'Christopher Torres', '2017-12-30', 'christopher.torres255@email.com', 'Male', 'O_NEGATIVE', 255, '2024-09-25 12:46:00'),
(256, 'Ashley Gonzalez', '1996-11-22', 'ashley.gonzalez256@email.com', 'Female', 'AB_POSITIVE', 256, '2024-09-26 11:11:00'),
(257, 'Alexander Hall', '1947-01-04', 'alexander.hall257@email.com', 'Male', 'A_POSITIVE', 257, '2024-09-27 18:29:00'),
(258, 'Deborah Morris', '1970-09-30', 'deborah.morris258@email.com', 'Female', 'AB_POSITIVE', 258, '2024-09-28 11:49:00'),
(259, 'Brandon Parker', '1959-01-21', 'brandon.parker259@email.com', 'Male', 'AB_NEGATIVE', 259, '2024-09-29 17:33:00'),
(260, 'Ruth Phillips', '2010-04-29', 'ruth.phillips260@email.com', 'Female', 'O_NEGATIVE', 260, '2024-09-30 14:28:00'),
(261, 'Samuel Morris', '1977-11-11', 'samuel.morris261@email.com', 'Male', 'O_POSITIVE', 261, '2024-10-01 13:12:00'),
(262, 'Donna Anderson', '1985-05-17', 'donna.anderson262@email.com', 'Female', 'O_NEGATIVE', 262, '2024-10-02 16:21:00'),
(263, 'Joseph Stewart', '1981-10-10', 'joseph.stewart263@email.com', 'Male', 'A_POSITIVE', 263, '2024-10-03 14:57:00'),
(264, 'Nicole Hill', '1987-10-21', 'nicole.hill264@email.com', 'Female', 'A_POSITIVE', 264, '2024-10-04 13:30:00'),
(265, 'Alexander Thomas', '2006-11-03', 'alexander.thomas265@email.com', 'Male', 'AB_NEGATIVE', 265, '2024-10-05 16:25:00'),
(266, 'Deborah Evans', '1983-06-11', 'deborah.evans266@email.com', 'Female', 'B_POSITIVE', 266, '2024-10-06 12:58:00'),
(267, 'Benjamin Parker', '1948-06-13', 'benjamin.parker267@email.com', 'Male', 'A_NEGATIVE', 267, '2024-10-07 18:42:00'),
(268, 'Lisa Watson', '1954-12-04', 'lisa.watson268@email.com', 'Female', 'B_NEGATIVE', 268, '2024-10-08 17:11:00'),
(269, 'Keith Stewart', '1981-07-27', 'keith.stewart269@email.com', 'Male', 'A_POSITIVE', 269, '2024-10-09 15:04:00'),
(270, 'Deborah Nelson', '2000-10-14', 'deborah.nelson270@email.com', 'Female', 'A_NEGATIVE', 270, '2024-10-10 12:11:00'),
(271, 'Nathan Lee', '1979-12-15', 'nathan.lee271@email.com', 'Male', 'A_POSITIVE', 271, '2024-10-11 19:15:00'),
(272, 'Anna Harris', '2005-01-18', 'anna.harris272@email.com', 'Female', 'O_NEGATIVE', 272, '2024-10-12 14:06:00'),
(273, 'Thomas Hall', '1982-08-24', 'thomas.hall273@email.com', 'Male', 'B_NEGATIVE', 273, '2024-10-13 13:18:00'),
(274, 'Lisa Sanchez', '1959-10-17', 'lisa.sanchez274@email.com', 'Female', 'O_POSITIVE', 274, '2024-10-14 18:15:00'),
(275, 'Jeffrey Harris', '2008-09-14', 'jeffrey.harris275@email.com', 'Male', 'A_NEGATIVE', 275, '2024-10-15 12:22:00'),
(276, 'Maria Williams', '1965-09-18', 'maria.williams276@email.com', 'Female', 'A_NEGATIVE', 276, '2024-10-16 16:33:00'),
(277, 'Kevin Johnson', '1992-08-08', 'kevin.johnson277@email.com', 'Male', 'A_POSITIVE', 277, '2024-10-17 14:39:00'),
(278, 'Lisa Gomez', '2016-12-29', 'lisa.gomez278@email.com', 'Female', 'B_NEGATIVE', 278, '2024-10-18 16:38:00'),
(279, 'Richard Brown', '2015-01-28', 'richard.brown279@email.com', 'Male', 'AB_NEGATIVE', 279, '2024-10-19 18:53:00'),
(280, 'Angela Anderson', '1971-09-10', 'angela.anderson280@email.com', 'Female', 'AB_POSITIVE', 280, '2024-10-20 11:50:00'),
(281, 'Jerry Price', '1999-08-02', 'jerry.price281@email.com', 'Male', 'A_POSITIVE', 281, '2024-10-21 14:43:00'),
(282, 'Jennifer Diaz', '1984-02-02', 'jennifer.diaz282@email.com', 'Female', 'O_POSITIVE', 282, '2024-10-22 14:49:00'),
(283, 'Alexander Lewis', '2002-03-06', 'alexander.lewis283@email.com', 'Male', 'O_NEGATIVE', 283, '2024-10-23 13:48:00'),
(284, 'Pamela James', '1948-01-16', 'pamela.james284@email.com', 'Female', 'A_POSITIVE', 284, '2024-10-24 14:42:00'),
(285, 'Walter Garcia', '1972-05-03', 'walter.garcia285@email.com', 'Male', 'O_POSITIVE', 285, '2024-10-25 12:30:00'),
(286, 'Lisa Taylor', '2007-05-19', 'lisa.taylor286@email.com', 'Female', 'B_NEGATIVE', 286, '2024-10-26 12:58:00'),
(287, 'Jason Lee', '1990-06-25', 'jason.lee287@email.com', 'Male', 'O_NEGATIVE', 287, '2024-10-27 12:41:00'),
(288, 'Katherine Richardson', '1954-01-22', 'katherine.richardson288@email.com', 'Female', 'AB_POSITIVE', 288, '2024-10-28 10:55:00'),
(289, 'Eric Miller', '2009-02-22', 'eric.miller289@email.com', 'Male', 'AB_NEGATIVE', 289, '2024-10-29 13:16:00'),
(290, 'Janet Morgan', '1944-09-09', 'janet.morgan290@email.com', 'Female', 'O_POSITIVE', 290, '2024-10-30 18:37:00'),
(291, 'Joseph Jackson', '1991-05-26', 'joseph.jackson291@email.com', 'Male', 'AB_NEGATIVE', 291, '2024-10-31 14:37:00'),
(292, 'Betty Price', '1951-09-06', 'betty.price292@email.com', 'Female', 'B_NEGATIVE', 292, '2024-11-01 10:32:00'),
(293, 'Steven Carter', '2009-03-07', 'steven.carter293@email.com', 'Male', 'AB_NEGATIVE', 293, '2024-11-02 14:50:00'),
(294, 'Ashley Bell', '2019-02-03', 'ashley.bell294@email.com', 'Female', 'A_NEGATIVE', 294, '2024-11-03 16:55:00'),
(295, 'Robert Phillips', '1983-12-27', 'robert.phillips295@email.com', 'Male', 'AB_NEGATIVE', 295, '2024-11-04 18:50:00'),
(296, 'Christine Nelson', '1951-06-11', 'christine.nelson296@email.com', 'Female', 'O_POSITIVE', 296, '2024-11-05 17:13:00'),
(297, 'Eric Ward', '1978-06-11', 'eric.ward297@email.com', 'Male', 'A_POSITIVE', 297, '2024-11-06 15:56:00'),
(298, 'Christine Stewart', '1965-06-19', 'christine.stewart298@email.com', 'Female', 'AB_NEGATIVE', 298, '2024-11-07 17:02:00'),
(299, 'Adam Jones', '2005-03-18', 'adam.jones299@email.com', 'Male', 'A_POSITIVE', 299, '2024-11-08 14:13:00'),
(300, 'Rachel Reed', '1973-09-18', 'rachel.reed300@email.com', 'Female', 'AB_NEGATIVE', 300, '2024-11-09 15:21:00');

-- ============================================
-- 7. APPOINTMENTS (600+ appointments)
-- ============================================
INSERT INTO appointment (id, appointment_date, reason, patient_id, doctor_id) VALUES
(1, '2025-03-20', 'Appendectomy follow-up', 1, 32),
(2, '2025-01-16', 'Neuropathy pain', 1, 5),
(3, '2025-03-12', 'Shoulder pain', 1, 10),
(4, '2025-01-29', 'Anaphylaxis', 1, 24),
(5, '2025-04-01', 'Stroke recovery', 2, 6),
(6, '2025-02-28', 'Neuropathy pain', 2, 6),
(7, '2025-03-30', 'Spinal stenosis', 2, 10),
(8, '2025-03-12', 'ACL reconstruction follow-up', 2, 12),
(9, '2025-04-07', 'Hemorrhoid treatment', 3, 29),
(10, '2025-04-07', 'Anxiety management', 3, 36),
(11, '2025-03-11', 'Stroke recovery', 3, 7),
(12, '2025-03-31', 'Appendectomy follow-up', 4, 32),
(13, '2025-04-09', 'Joint replacement surgery consult', 4, 9),
(14, '2025-04-03', 'Hives treatment', 5, 39),
(15, '2025-04-07', 'Brain imaging', 5, 26),
(16, '2025-02-21', 'Chest pain evaluation', 5, 4),
(17, '2025-02-20', 'Cholesterol management', 6, 4),
(18, '2025-03-26', 'Spine imaging', 6, 28),
(19, '2025-01-17', 'Breast surgery', 6, 29),
(20, '2025-02-03', 'Breast cancer treatment', 7, 20),
(21, '2025-03-18', 'Respiratory infection', 7, 14),
(22, '2025-04-02', 'Cholesterol management', 7, 4),
(23, '2025-01-15', 'Vitiligo management', 8, 37),
(24, '2025-02-08', 'Asthma management', 8, 16),
(25, '2025-03-09', 'Arthritis management', 9, 12),
(26, '2025-03-04', 'Sports injury', 9, 12),
(27, '2025-02-15', 'Tremor evaluation', 9, 7),
(28, '2025-03-04', 'Stress test consultation', 9, 3),
(29, '2025-03-06', 'CT scan consultation', 10, 25),
(30, '2025-04-03', 'Skin rash evaluation', 10, 15),
(31, '2025-02-01', 'Wart removal', 11, 37),
(32, '2025-03-06', 'Routine cardiac checkup', 12, 2),
(33, '2025-02-26', 'Grief counseling', 12, 35),
(34, '2025-03-02', 'Joint replacement surgery consult', 12, 12),
(35, '2025-01-30', 'Developmental delay screening', 13, 16),
(36, '2025-03-18', 'Varicose vein surgery', 13, 30),
(37, '2025-03-13', 'Broken bone', 13, 23),
(38, '2025-04-14', 'Fungal infection', 14, 39),
(39, '2025-02-06', 'Migraine treatment', 14, 5),
(40, '2025-03-18', 'ECG screening', 14, 1),
(41, '2025-02-23', 'Cholesterol management', 14, 1),
(42, '2025-03-06', 'Doppler ultrasound', 15, 26),
(43, '2025-04-03', 'Rotator cuff tear', 15, 10),
(44, '2025-02-24', 'Trauma processing', 15, 33),
(45, '2025-03-06', 'Routine cardiac checkup', 16, 3),
(46, '2025-01-23', 'Anaphylaxis', 17, 22),
(47, '2025-01-28', 'Skin rash evaluation', 18, 16),
(48, '2025-02-07', 'Fever consultation', 18, 16),
(49, '2025-02-13', 'Stress test consultation', 19, 3),
(50, '2025-04-07', 'Eating disorder support', 19, 33),
(51, '2025-03-11', 'Chronic headaches', 19, 5),
(52, '2025-04-01', 'Post-surgery follow-up', 19, 2),
(53, '2025-04-11', 'Acne treatment', 20, 39),
(54, '2025-04-04', 'Knee pain evaluation', 21, 9),
(55, '2025-03-22', 'Stress test consultation', 22, 2),
(56, '2025-02-21', 'Lung cancer consultation', 23, 20),
(57, '2025-01-24', 'Heart palpitations', 23, 2),
(58, '2025-01-24', 'Hypertension management', 24, 3),
(59, '2025-03-02', 'Multiple sclerosis treatment', 24, 7),
(60, '2025-03-18', 'Carpal tunnel syndrome', 24, 9),
(61, '2025-02-13', 'Skin lesion removal', 24, 30),
(62, '2025-03-17', 'Coronary artery disease', 25, 1),
(63, '2025-04-08', 'Valve disease assessment', 26, 3),
(64, '2025-04-02', 'Anaphylaxis', 26, 24),
(65, '2025-02-01', 'PET scan appointment', 26, 28),
(66, '2025-02-26', 'Carpal tunnel syndrome', 26, 11),
(67, '2025-02-28', 'CT scan consultation', 27, 25),
(68, '2025-02-25', 'Vaccination checkup', 27, 13),
(69, '2025-02-06', 'X-ray results review', 27, 28),
(70, '2025-02-07', 'Bipolar disorder care', 28, 33),
(71, '2025-01-22', 'Chronic headaches', 28, 6),
(72, '2025-02-18', 'Allergic reaction', 28, 22),
(73, '2025-04-03', 'Developmental delay screening', 29, 13),
(74, '2025-03-15', 'Anxiety management', 29, 36),
(75, '2025-03-25', 'Joint replacement surgery consult', 29, 10),
(76, '2025-04-09', 'Hives treatment', 30, 37),
(77, '2025-03-15', 'Bipolar disorder care', 31, 36),
(78, '2025-01-22', 'Cholesterol management', 31, 4),
(79, '2025-01-27', 'Growth development review', 31, 13),
(80, '2025-02-17', 'Rosacea consultation', 32, 38),
(81, '2025-03-12', 'Breast surgery', 33, 29),
(82, '2025-01-26', 'PTSD therapy', 33, 34),
(83, '2025-03-13', 'Vaccination checkup', 34, 14),
(84, '2025-02-05', 'Radiation therapy planning', 35, 17),
(85, '2025-03-03', 'Vertigo consultation', 35, 6),
(86, '2025-01-24', 'Spinal stenosis', 35, 12),
(87, '2025-01-19', 'Vaccination checkup', 35, 14),
(88, '2025-04-03', 'Vitiligo management', 36, 39),
(89, '2025-01-30', 'Acne treatment', 37, 37),
(90, '2025-03-08', 'Skin lesion removal', 37, 31),
(91, '2025-01-27', 'Wound debridement', 37, 30),
(92, '2025-01-26', 'Lung cancer consultation', 37, 20),
(93, '2025-02-13', 'Cancer pain management', 38, 18),
(94, '2025-03-18', 'OCD treatment', 38, 33),
(95, '2025-02-06', 'Joint replacement surgery consult', 39, 12),
(96, '2025-03-01', 'OCD treatment', 39, 35),
(97, '2025-02-28', 'Wound debridement', 39, 31),
(98, '2025-02-28', 'Cancer pain management', 40, 18),
(99, '2025-02-24', 'Eczema management', 41, 37),
(100, '2025-02-07', 'Vitiligo management', 41, 40),
(101, '2025-01-16', 'ADHD assessment', 41, 14),
(102, '2025-01-26', 'Anaphylaxis', 42, 22),
(103, '2025-03-19', 'Ankle sprain', 42, 10),
(104, '2025-01-16', 'Stroke recovery', 42, 6),
(105, '2025-03-25', 'Vaccination checkup', 43, 15),
(106, '2025-02-18', 'Arthritis management', 43, 9),
(107, '2025-02-10', 'PET scan appointment', 44, 26),
(108, '2025-03-25', 'Stress test consultation', 44, 4),
(109, '2025-04-05', 'Multiple sclerosis treatment', 44, 6),
(110, '2025-01-29', 'Laser therapy', 45, 38),
(111, '2025-02-28', 'Anaphylaxis', 46, 24),
(112, '2025-03-06', 'Chronic headaches', 46, 8),
(113, '2025-01-20', 'Sports injury', 46, 10),
(114, '2025-03-30', 'Tremor evaluation', 46, 6),
(115, '2025-03-15', 'Fracture follow-up', 47, 12),
(116, '2025-01-27', 'Hernia repair consultation', 48, 29),
(117, '2025-01-30', 'Breast surgery', 48, 31),
(118, '2025-04-05', 'Severe abdominal pain', 49, 22),
(119, '2025-02-07', 'Fracture follow-up', 50, 11),
(120, '2025-03-25', 'Colon cancer screening', 51, 18),
(121, '2025-01-25', 'Abdominal CT', 51, 27),
(122, '2025-04-02', 'Fever consultation', 52, 14),
(123, '2025-01-21', 'Chest X-ray', 52, 26),
(124, '2025-04-05', 'Spinal stenosis', 53, 10),
(125, '2025-02-15', 'ACL reconstruction follow-up', 53, 9),
(126, '2025-02-15', 'Ear infection', 53, 16),
(127, '2025-03-23', 'Growth development review', 53, 16),
(128, '2025-04-14', 'Well-child visit', 54, 13),
(129, '2025-02-16', 'Psoriasis treatment', 54, 40),
(130, '2025-01-18', 'Growth development review', 54, 15),
(131, '2025-02-17', 'Spine imaging', 54, 27),
(132, '2025-02-02', 'Hair loss treatment', 55, 39),
(133, '2025-02-19', 'CT scan consultation', 55, 28),
(134, '2025-03-24', 'Breast surgery', 56, 32),
(135, '2025-02-22', 'Back pain consultation', 56, 11),
(136, '2025-01-30', 'Biopsy procedure', 56, 31),
(137, '2025-02-15', 'Vaccination checkup', 56, 13),
(138, '2025-02-08', 'Depression treatment', 57, 34),
(139, '2025-01-24', 'Radiation therapy planning', 57, 17),
(140, '2025-04-14', 'Panic disorder', 57, 33),
(141, '2025-02-17', 'Asthma management', 57, 16),
(142, '2025-04-11', 'Chest X-ray', 58, 27),
(143, '2025-03-14', 'Stress management', 58, 34),
(144, '2025-02-20', 'Carpal tunnel syndrome', 59, 10),
(145, '2025-04-14', 'Anger management', 59, 34),
(146, '2025-03-01', 'Hernia repair consultation', 60, 30),
(147, '2025-04-03', 'Routine cardiac checkup', 60, 3),
(148, '2025-03-27', 'Epilepsy medication review', 60, 8),
(149, '2025-03-16', 'Biopsy procedure', 61, 30),
(150, '2025-02-16', 'Head trauma', 62, 23),
(151, '2025-02-06', 'Tremor evaluation', 62, 7),
(152, '2025-02-08', 'Cancer pain management', 62, 20),
(153, '2025-02-28', 'Chest pain emergency', 62, 21),
(154, '2025-02-10', 'Breast surgery', 63, 30),
(155, '2025-01-27', 'Developmental delay screening', 64, 16),
(156, '2025-04-09', 'Vaccination checkup', 64, 13),
(157, '2025-04-01', 'Heart failure management', 65, 4),
(158, '2025-04-07', 'Heart palpitations', 65, 1),
(159, '2025-03-04', 'Joint replacement surgery consult', 65, 9),
(160, '2025-03-11', 'Chest pain evaluation', 65, 4),
(161, '2025-02-01', 'Mole removal', 66, 40),
(162, '2025-03-25', 'Chemotherapy session', 66, 18),
(163, '2025-03-15', 'Allergy testing', 66, 16),
(164, '2025-03-12', 'ECG screening', 66, 3),
(165, '2025-01-17', 'Thyroid surgery consult', 67, 32),
(166, '2025-04-01', 'Lung cancer consultation', 68, 18),
(167, '2025-02-13', 'Spinal stenosis', 68, 11),
(168, '2025-02-15', 'Radiation therapy planning', 69, 20),
(169, '2025-03-06', 'Sports injury', 69, 10),
(170, '2025-03-24', 'Chest pain emergency', 69, 23),
(171, '2025-04-06', 'Epilepsy medication review', 70, 7),
(172, '2025-03-15', 'Skin lesion removal', 71, 32),
(173, '2025-01-16', 'Chest pain evaluation', 71, 1),
(174, '2025-02-05', 'Wart removal', 72, 37),
(175, '2025-03-10', 'MRI scheduling', 73, 25),
(176, '2025-04-06', 'Chest pain emergency', 73, 23),
(177, '2025-03-07', 'Newborn checkup', 74, 16),
(178, '2025-02-17', 'Post-surgery follow-up', 74, 3),
(179, '2025-04-12', 'Spinal stenosis', 75, 9),
(180, '2025-01-23', 'Skin cancer screening', 75, 37),
(181, '2025-02-14', 'Newborn checkup', 75, 15),
(182, '2025-03-18', 'Eating disorder support', 76, 33),
(183, '2025-04-14', 'Skin rash evaluation', 76, 15),
(184, '2025-03-11', 'Mammography screening', 76, 28),
(185, '2025-02-02', 'Arrhythmia consultation', 76, 2),
(186, '2025-02-01', 'Stress test consultation', 77, 1),
(187, '2025-01-30', 'Severe burns', 78, 22),
(188, '2025-03-17', 'Ankle sprain', 78, 12),
(189, '2025-02-03', 'Immunotherapy session', 78, 19),
(190, '2025-04-09', 'Substance abuse counseling', 79, 34),
(191, '2025-01-19', 'Hair loss treatment', 79, 40),
(192, '2025-02-04', 'Anger management', 80, 36),
(193, '2025-03-01', 'Neuropathy pain', 80, 8),
(194, '2025-04-10', 'Anaphylaxis', 80, 24),
(195, '2025-03-10', 'Bipolar disorder care', 80, 36),
(196, '2025-02-06', 'Eating disorder support', 81, 35),
(197, '2025-02-24', 'Wart removal', 82, 40),
(198, '2025-02-22', 'Colon cancer screening', 83, 18),
(199, '2025-02-17', 'Fever consultation', 84, 14),
(200, '2025-03-28', 'Vertigo consultation', 84, 6),
(201, '2025-04-11', 'ECG screening', 85, 3),
(202, '2025-01-25', 'Shoulder pain', 85, 10),
(203, '2025-02-26', 'Colon surgery prep', 85, 30),
(204, '2025-02-09', 'Skin cancer removal', 85, 18),
(205, '2025-02-15', 'OCD treatment', 86, 36),
(206, '2025-02-05', 'Epilepsy medication review', 86, 7),
(207, '2025-02-17', 'Prostate cancer management', 86, 17),
(208, '2025-04-12', 'Developmental delay screening', 87, 13),
(209, '2025-02-21', 'Hernia repair consultation', 87, 32),
(210, '2025-01-26', 'Sports injury', 88, 11),
(211, '2025-02-01', 'Respiratory infection', 88, 14),
(212, '2025-02-07', 'Depression treatment', 88, 34),
(213, '2025-04-15', 'Chemotherapy session', 88, 20),
(214, '2025-04-08', 'Grief counseling', 89, 35),
(215, '2025-02-09', 'Fever consultation', 89, 16),
(216, '2025-04-06', 'Heart failure management', 89, 2),
(217, '2025-03-25', 'PET scan appointment', 90, 25),
(218, '2025-01-30', 'Carpal tunnel syndrome', 91, 12),
(219, '2025-03-30', 'Hives treatment', 91, 37),
(220, '2025-03-11', 'Growth development review', 92, 14),
(221, '2025-02-28', 'Seizure management', 92, 6),
(222, '2025-04-11', 'Ankle sprain', 92, 9),
(223, '2025-04-08', 'Allergy testing', 93, 15),
(224, '2025-04-02', 'Broken bone', 94, 23),
(225, '2025-03-05', 'Rosacea consultation', 94, 38),
(226, '2025-01-17', 'Head trauma', 94, 22),
(227, '2025-03-04', 'Vaccination checkup', 94, 15),
(228, '2025-02-28', 'Appendectomy follow-up', 95, 29),
(229, '2025-03-15', 'Memory loss concerns', 95, 8),
(230, '2025-01-26', 'Brain imaging', 95, 28),
(231, '2025-02-25', 'Ultrasound examination', 96, 25),
(232, '2025-03-27', 'Routine cardiac checkup', 96, 3),
(233, '2025-03-14', 'Ear infection', 96, 14),
(234, '2025-02-22', 'Brain imaging', 96, 26),
(235, '2025-01-18', 'Arrhythmia consultation', 97, 1),
(236, '2025-03-28', 'Chest X-ray', 97, 27),
(237, '2025-03-27', 'Dementia screening', 97, 7),
(238, '2025-04-12', 'PTSD therapy', 97, 33),
(239, '2025-03-21', 'Acne treatment', 98, 40),
(240, '2025-03-08', 'Lymphoma treatment', 98, 17),
(241, '2025-01-26', 'Carpal tunnel syndrome', 98, 9),
(242, '2025-03-05', 'Vitiligo management', 98, 40),
(243, '2025-03-31', 'PET scan appointment', 99, 28),
(244, '2025-01-16', 'Migraine treatment', 99, 5),
(245, '2025-01-15', 'Hemorrhoid treatment', 99, 32),
(246, '2025-02-07', 'Allergic reaction', 99, 24),
(247, '2025-02-07', 'Back pain consultation', 100, 12),
(248, '2025-03-03', 'Laser therapy', 101, 39),
(249, '2025-02-07', 'Chemotherapy session', 101, 17),
(250, '2025-04-10', 'Parkinson disease management', 101, 6),
(251, '2025-03-06', 'Doppler ultrasound', 101, 28),
(252, '2025-04-01', 'Laser therapy', 102, 39),
(253, '2025-01-17', 'Growth development review', 103, 15),
(254, '2025-02-09', 'Hemorrhoid treatment', 103, 29),
(255, '2025-02-25', 'Chest X-ray', 103, 28),
(256, '2025-04-11', 'Migraine treatment', 104, 7),
(257, '2025-03-28', 'Heart palpitations', 104, 1),
(258, '2025-02-10', 'Doppler ultrasound', 104, 26),
(259, '2025-01-29', 'Fungal infection', 105, 40),
(260, '2025-04-12', 'Heart failure management', 106, 1),
(261, '2025-02-03', 'X-ray results review', 106, 28),
(262, '2025-03-04', 'Neuropathy pain', 106, 7),
(263, '2025-03-28', 'Eczema management', 106, 39),
(264, '2025-04-01', 'Gastric bypass consult', 107, 29),
(265, '2025-02-02', 'Severe bleeding control', 107, 23),
(266, '2025-03-17', 'Cholesterol management', 108, 2),
(267, '2025-03-12', 'Substance abuse counseling', 108, 35),
(268, '2025-02-17', 'CT scan consultation', 108, 25),
(269, '2025-02-20', 'Spine imaging', 109, 27),
(270, '2025-02-03', 'ACL reconstruction follow-up', 109, 11),
(271, '2025-03-13', 'Rosacea consultation', 110, 39),
(272, '2025-02-11', 'Multiple sclerosis treatment', 110, 8),
(273, '2025-01-22', 'Stroke recovery', 111, 6),
(274, '2025-03-12', 'Spine imaging', 111, 25),
(275, '2025-04-05', 'Fracture follow-up', 111, 12),
(276, '2025-04-10', 'Doppler ultrasound', 111, 27),
(277, '2025-03-11', 'Well-child visit', 112, 14),
(278, '2025-02-13', 'Vertigo consultation', 112, 5),
(279, '2025-03-26', 'Rotator cuff tear', 113, 9),
(280, '2025-01-20', 'Shoulder pain', 113, 10),
(281, '2025-01-22', 'Ankle sprain', 114, 11),
(282, '2025-04-12', 'Breast cancer treatment', 114, 18),
(283, '2025-01-28', 'Diabetic emergency', 115, 21),
(284, '2025-04-08', 'Skin lesion removal', 115, 31),
(285, '2025-04-05', 'Colon surgery prep', 115, 29),
(286, '2025-03-17', 'Stress management', 115, 35),
(287, '2025-03-20', 'Diabetic emergency', 116, 23),
(288, '2025-03-27', 'Fever consultation', 116, 14),
(289, '2025-01-31', 'Brain imaging', 116, 27),
(290, '2025-02-24', 'Skin rash evaluation', 116, 13),
(291, '2025-04-03', 'Rotator cuff tear', 117, 9),
(292, '2025-03-19', 'Chest pain evaluation', 117, 2),
(293, '2025-02-05', 'Valve disease assessment', 117, 4),
(294, '2025-04-11', 'Gastric bypass consult', 117, 30),
(295, '2025-03-17', 'Eczema management', 118, 39),
(296, '2025-03-13', 'Arrhythmia consultation', 118, 4),
(297, '2025-03-16', 'ADHD assessment', 118, 13),
(298, '2025-03-01', 'Skin cancer removal', 118, 18),
(299, '2025-03-09', 'Immunotherapy session', 119, 17),
(300, '2025-03-12', 'Knee pain evaluation', 120, 9),
(301, '2025-01-16', 'Severe burns', 120, 21),
(302, '2025-01-30', 'Coronary artery disease', 120, 1),
(303, '2025-03-25', 'Hypertension management', 121, 4),
(304, '2025-01-29', 'Severe bleeding control', 121, 23),
(305, '2025-03-22', 'Chest pain emergency', 122, 24),
(306, '2025-04-10', 'Growth development review', 123, 14),
(307, '2025-02-04', 'Ultrasound examination', 123, 25),
(308, '2025-02-14', 'Broken bone', 123, 22),
(309, '2025-03-01', 'Hemorrhoid treatment', 123, 29),
(310, '2025-02-17', 'Back pain consultation', 124, 10),
(311, '2025-03-11', 'Dehydration treatment', 124, 24),
(312, '2025-03-19', 'Valve disease assessment', 125, 2),
(313, '2025-02-16', 'Diabetic emergency', 125, 24),
(314, '2025-04-12', 'Anaphylaxis', 125, 22),
(315, '2025-04-02', 'Epilepsy medication review', 125, 5),
(316, '2025-02-20', 'Arthritis management', 126, 10),
(317, '2025-01-26', 'Hernia repair consultation', 126, 32),
(318, '2025-03-10', 'Respiratory infection', 126, 15),
(319, '2025-04-13', 'Hemorrhoid treatment', 127, 29),
(320, '2025-04-04', 'Mammography screening', 127, 27),
(321, '2025-02-07', 'Cancer pain management', 127, 19),
(322, '2025-02-04', 'Fungal infection', 128, 38),
(323, '2025-03-23', 'Skin rash evaluation', 129, 14),
(324, '2025-04-01', 'Tremor evaluation', 129, 5),
(325, '2025-03-28', 'Coronary artery disease', 129, 4),
(326, '2025-03-04', 'Anaphylaxis', 130, 24),
(327, '2025-01-21', 'Hernia repair consultation', 130, 32),
(328, '2025-02-06', 'Colon cancer screening', 131, 17),
(329, '2025-04-14', 'Appendectomy follow-up', 131, 30),
(330, '2025-02-14', 'Routine cardiac checkup', 132, 1),
(331, '2025-03-17', 'Routine cardiac checkup', 132, 4),
(332, '2025-04-05', 'Coronary artery disease', 132, 1),
(333, '2025-03-13', 'Gallbladder removal', 133, 32),
(334, '2025-04-12', 'Anaphylaxis', 134, 21),
(335, '2025-04-08', 'Dehydration treatment', 134, 24),
(336, '2025-02-17', 'Dementia screening', 134, 8),
(337, '2025-04-11', 'Psoriasis treatment', 134, 40),
(338, '2025-03-27', 'Mammography screening', 135, 25),
(339, '2025-03-11', 'Bone density scan', 136, 25),
(340, '2025-03-16', 'CT scan consultation', 136, 28),
(341, '2025-02-08', 'Anger management', 136, 35),
(342, '2025-02-06', 'PET scan appointment', 137, 27),
(343, '2025-02-07', 'Stress test consultation', 138, 3),
(344, '2025-03-24', 'Routine cardiac checkup', 138, 4),
(345, '2025-03-30', 'Head trauma', 139, 24),
(346, '2025-01-26', 'Substance abuse counseling', 139, 33),
(347, '2025-03-12', 'Breast cancer treatment', 139, 18),
(348, '2025-02-17', 'Chest pain emergency', 139, 21),
(349, '2025-01-21', 'Chest pain emergency', 140, 23),
(350, '2025-03-21', 'Stress test consultation', 140, 1),
(351, '2025-04-15', 'Eczema management', 141, 37),
(352, '2025-01-20', 'Hypertension management', 141, 1),
(353, '2025-02-19', 'Skin rash evaluation', 141, 15),
(354, '2025-02-19', 'X-ray results review', 141, 27),
(355, '2025-01-22', 'Abdominal CT', 142, 28),
(356, '2025-01-24', 'Severe abdominal pain', 142, 23),
(357, '2025-03-26', 'Chemotherapy session', 143, 18),
(358, '2025-02-07', 'Allergy testing', 144, 15),
(359, '2025-04-14', 'Radiation therapy planning', 144, 19),
(360, '2025-02-22', 'Wound debridement', 144, 29),
(361, '2025-03-17', 'Allergic reaction', 145, 23),
(362, '2025-02-02', 'Fungal infection', 145, 37),
(363, '2025-04-02', 'Hives treatment', 145, 37),
(364, '2025-01-27', 'Vaccination checkup', 146, 13),
(365, '2025-04-01', 'Radiation therapy planning', 146, 20),
(366, '2025-02-22', 'Abdominal CT', 147, 27),
(367, '2025-01-18', 'Memory loss concerns', 147, 5),
(368, '2025-02-12', 'Anaphylaxis', 147, 22),
(369, '2025-02-17', 'Mole removal', 147, 37),
(370, '2025-03-16', 'Knee pain evaluation', 148, 12),
(371, '2025-02-27', 'Allergic reaction', 148, 21),
(372, '2025-03-22', 'Chest X-ray', 148, 25),
(373, '2025-03-13', 'Vertigo consultation', 149, 8),
(374, '2025-03-26', 'Lung cancer consultation', 149, 19),
(375, '2025-02-07', 'Well-child visit', 149, 13),
(376, '2025-03-16', 'Abdominal CT', 149, 28),
(377, '2025-02-09', 'Vaccination checkup', 150, 14),
(378, '2025-03-19', 'Stress test consultation', 151, 4),
(379, '2025-04-01', 'Skin lesion removal', 151, 30),
(380, '2025-02-26', 'Skin cancer removal', 152, 17),
(381, '2025-03-06', 'Knee pain evaluation', 153, 12),
(382, '2025-02-14', 'Shoulder pain', 153, 9),
(383, '2025-02-22', 'Wart removal', 153, 40),
(384, '2025-03-19', 'Wart removal', 154, 38),
(385, '2025-04-06', 'ACL reconstruction follow-up', 154, 12),
(386, '2025-03-28', 'Heart palpitations', 154, 2),
(387, '2025-02-03', 'Breast surgery', 154, 29),
(388, '2025-01-22', 'Bone density scan', 155, 27),
(389, '2025-04-12', 'Chest pain emergency', 156, 22),
(390, '2025-01-27', 'Doppler ultrasound', 157, 25),
(391, '2025-03-20', 'MRI scheduling', 157, 28),
(392, '2025-03-13', 'Depression treatment', 157, 33),
(393, '2025-03-18', 'Diabetic emergency', 157, 23),
(394, '2025-02-20', 'Hives treatment', 158, 40),
(395, '2025-02-28', 'Hives treatment', 158, 39),
(396, '2025-04-02', 'Bipolar disorder care', 158, 34),
(397, '2025-03-24', 'Allergy testing', 159, 13),
(398, '2025-01-17', 'Spinal stenosis', 159, 11),
(399, '2025-02-06', 'ADHD assessment', 159, 15),
(400, '2025-02-13', 'Heart failure management', 159, 4),
(401, '2025-04-10', 'Seizure management', 160, 6),
(402, '2025-02-21', 'Newborn checkup', 160, 13),
(403, '2025-02-08', 'Prostate cancer management', 160, 19),
(404, '2025-02-14', 'Colon cancer screening', 161, 18),
(405, '2025-02-09', 'Bone density scan', 162, 27),
(406, '2025-01-28', 'X-ray results review', 163, 25),
(407, '2025-04-05', 'Rosacea consultation', 163, 38),
(408, '2025-04-14', 'Stroke recovery', 163, 7),
(409, '2025-03-22', 'Epilepsy medication review', 164, 8),
(410, '2025-03-27', 'CT scan consultation', 164, 28),
(411, '2025-04-14', 'PTSD therapy', 165, 34),
(412, '2025-02-17', 'Lung cancer consultation', 166, 17),
(413, '2025-04-02', 'Valve disease assessment', 167, 2),
(414, '2025-02-18', 'Migraine treatment', 167, 7),
(415, '2025-02-04', 'Sports injury', 167, 12),
(416, '2025-04-01', 'Laser therapy', 168, 37),
(417, '2025-03-21', 'Immunotherapy session', 168, 17),
(418, '2025-01-17', 'Back pain consultation', 168, 9),
(419, '2025-03-02', 'CT scan consultation', 168, 26),
(420, '2025-04-07', 'Allergic reaction', 169, 23),
(421, '2025-03-20', 'Wound debridement', 169, 29),
(422, '2025-01-26', 'Newborn checkup', 169, 16),
(423, '2025-04-10', 'Dementia screening', 169, 5),
(424, '2025-01-25', 'Psoriasis treatment', 170, 39),
(425, '2025-01-30', 'Hernia repair consultation', 171, 32),
(426, '2025-01-25', 'Rotator cuff tear', 171, 11),
(427, '2025-03-02', 'Gastric bypass consult', 172, 30),
(428, '2025-04-07', 'Psoriasis treatment', 173, 39),
(429, '2025-04-05', 'Spine imaging', 173, 27),
(430, '2025-03-05', 'PET scan appointment', 174, 25),
(431, '2025-03-25', 'Dehydration treatment', 174, 21),
(432, '2025-03-29', 'Heart palpitations', 174, 2),
(433, '2025-01-28', 'Stress management', 174, 34),
(434, '2025-03-23', 'Knee pain evaluation', 175, 12),
(435, '2025-03-25', 'Biopsy procedure', 175, 32),
(436, '2025-02-03', 'Cholesterol management', 176, 1),
(437, '2025-02-14', 'Dementia screening', 176, 8),
(438, '2025-01-21', 'Eczema management', 176, 40),
(439, '2025-01-20', 'Trauma processing', 176, 36),
(440, '2025-04-06', 'ADHD assessment', 177, 14),
(441, '2025-03-08', 'Substance abuse counseling', 177, 34),
(442, '2025-02-28', 'Hemorrhoid treatment', 178, 32),
(443, '2025-01-23', 'Severe burns', 178, 24),
(444, '2025-02-07', 'Cholesterol management', 178, 2),
(445, '2025-02-12', 'Severe burns', 179, 21),
(446, '2025-01-26', 'Arrhythmia consultation', 179, 1),
(447, '2025-02-09', 'Neuropathy pain', 179, 6),
(448, '2025-02-09', 'Arrhythmia consultation', 179, 2),
(449, '2025-02-20', 'Vertigo consultation', 180, 6),
(450, '2025-03-23', 'Newborn checkup', 180, 14),
(451, '2025-01-23', 'ECG screening', 180, 2),
(452, '2025-03-08', 'ACL reconstruction follow-up', 181, 10),
(453, '2025-03-05', 'Brain imaging', 181, 27),
(454, '2025-03-05', 'X-ray results review', 181, 26),
(455, '2025-02-19', 'Immunotherapy session', 181, 18),
(456, '2025-02-18', 'Wound debridement', 182, 32),
(457, '2025-03-16', 'Seizure management', 182, 6),
(458, '2025-03-09', 'Biopsy procedure', 182, 31),
(459, '2025-04-03', 'Psoriasis treatment', 183, 38),
(460, '2025-02-21', 'Valve disease assessment', 183, 3),
(461, '2025-04-10', 'Panic disorder', 184, 33),
(462, '2025-04-12', 'Stress management', 184, 36),
(463, '2025-02-14', 'Psoriasis treatment', 184, 40),
(464, '2025-04-13', 'X-ray results review', 185, 27),
(465, '2025-02-13', 'Dementia screening', 185, 7),
(466, '2025-02-13', 'Thyroid surgery consult', 186, 31),
(467, '2025-01-15', 'Acne treatment', 186, 38),
(468, '2025-02-16', 'Colon surgery prep', 186, 29),
(469, '2025-02-04', 'Broken bone', 187, 21),
(470, '2025-03-17', 'Thyroid surgery consult', 187, 31),
(471, '2025-03-29', 'Ear infection', 187, 16),
(472, '2025-02-20', 'Knee pain evaluation', 187, 9),
(473, '2025-04-04', 'Chronic headaches', 188, 8),
(474, '2025-01-30', 'Fungal infection', 189, 38),
(475, '2025-03-05', 'Anger management', 190, 34),
(476, '2025-03-13', 'PTSD therapy', 191, 33),
(477, '2025-03-15', 'Gallbladder removal', 192, 30),
(478, '2025-02-01', 'Colon surgery prep', 193, 30),
(479, '2025-02-23', 'Hypertension management', 194, 3),
(480, '2025-02-17', 'Fever consultation', 194, 14),
(481, '2025-02-23', 'Skin lesion removal', 195, 30),
(482, '2025-02-16', 'Eczema management', 196, 37),
(483, '2025-01-28', 'Parkinson disease management', 196, 7),
(484, '2025-02-07', 'Anxiety management', 196, 35),
(485, '2025-03-28', 'Neuropathy pain', 196, 8),
(486, '2025-01-25', 'Well-child visit', 197, 13),
(487, '2025-01-30', 'Gallbladder removal', 197, 32),
(488, '2025-04-13', 'Post-surgery follow-up', 197, 2),
(489, '2025-02-20', 'Chest X-ray', 198, 25),
(490, '2025-02-07', 'Brain imaging', 198, 27),
(491, '2025-02-17', 'Tremor evaluation', 198, 6),
(492, '2025-02-12', 'Joint replacement surgery consult', 199, 12),
(493, '2025-01-27', 'Anaphylaxis', 199, 22),
(494, '2025-01-28', 'ACL reconstruction follow-up', 199, 9),
(495, '2025-03-10', 'Seizure management', 200, 5),
(496, '2025-02-07', 'Severe abdominal pain', 200, 21),
(497, '2025-01-16', 'Broken bone', 200, 22),
(498, '2025-03-25', 'Back pain consultation', 201, 9),
(499, '2025-03-13', 'Immunotherapy session', 202, 19),
(500, '2025-04-15', 'Anger management', 202, 33),
(501, '2025-01-27', 'Migraine treatment', 203, 7),
(502, '2025-01-23', 'Arrhythmia consultation', 203, 3),
(503, '2025-04-01', 'Laser therapy', 203, 40),
(504, '2025-03-17', 'Broken bone', 204, 24),
(505, '2025-02-02', 'Growth development review', 205, 13),
(506, '2025-03-01', 'Sports injury', 205, 9),
(507, '2025-02-22', 'Bone density scan', 206, 26),
(508, '2025-01-15', 'Severe burns', 206, 22),
(509, '2025-03-29', 'Spinal stenosis', 207, 10),
(510, '2025-03-30', 'ACL reconstruction follow-up', 207, 9),
(511, '2025-03-01', 'Head trauma', 208, 21),
(512, '2025-04-03', 'Hypertension management', 209, 4),
(513, '2025-01-21', 'Psoriasis treatment', 209, 39),
(514, '2025-04-08', 'Hernia repair consultation', 210, 29),
(515, '2025-04-07', 'Hives treatment', 211, 37),
(516, '2025-02-25', 'Carpal tunnel syndrome', 211, 12),
(517, '2025-02-26', 'Stroke recovery', 211, 8),
(518, '2025-03-23', 'Severe bleeding control', 211, 22),
(519, '2025-03-05', 'Anger management', 212, 34),
(520, '2025-03-11', 'Fever consultation', 212, 16),
(521, '2025-03-29', 'Fungal infection', 213, 37),
(522, '2025-02-28', 'Vaccination checkup', 213, 16),
(523, '2025-02-02', 'Chest pain emergency', 213, 22),
(524, '2025-01-23', 'Allergy testing', 214, 15),
(525, '2025-03-06', 'Joint replacement surgery consult', 214, 9),
(526, '2025-03-06', 'Seizure emergency', 214, 22),
(527, '2025-04-11', 'Anaphylaxis', 215, 24),
(528, '2025-02-11', 'Biopsy procedure', 215, 31),
(529, '2025-02-05', 'Chest pain evaluation', 215, 2),
(530, '2025-04-01', 'Colon cancer screening', 215, 19),
(531, '2025-02-17', 'Spinal stenosis', 216, 11),
(532, '2025-02-15', 'Carpal tunnel syndrome', 216, 11),
(533, '2025-04-13', 'Routine cardiac checkup', 217, 4),
(534, '2025-03-16', 'Mole removal', 217, 39),
(535, '2025-04-07', 'Heart failure management', 218, 2),
(536, '2025-01-31', 'Hair loss treatment', 218, 37),
(537, '2025-03-12', 'Hemorrhoid treatment', 218, 31),
(538, '2025-04-14', 'Vertigo consultation', 219, 7),
(539, '2025-03-17', 'Lung cancer consultation', 219, 19),
(540, '2025-04-13', 'Breast cancer treatment', 219, 20),
(541, '2025-03-21', 'Chest X-ray', 220, 26),
(542, '2025-03-11', 'Trauma processing', 220, 33),
(543, '2025-01-16', 'Brain imaging', 220, 26),
(544, '2025-02-04', 'Spine imaging', 221, 26),
(545, '2025-01-20', 'Chest X-ray', 221, 28),
(546, '2025-02-06', 'Chest pain evaluation', 221, 2),
(547, '2025-04-06', 'Spine imaging', 222, 27),
(548, '2025-04-06', 'Post-surgery follow-up', 223, 4),
(549, '2025-01-29', 'Migraine treatment', 223, 7),
(550, '2025-03-15', 'Abdominal CT', 223, 26),
(551, '2025-01-24', 'Survivorship care', 223, 18),
(552, '2025-01-28', 'Rosacea consultation', 224, 37),
(553, '2025-03-15', 'Fracture follow-up', 224, 9),
(554, '2025-03-03', 'ACL reconstruction follow-up', 225, 10),
(555, '2025-04-05', 'Colon surgery prep', 225, 30),
(556, '2025-02-24', 'Allergic reaction', 226, 23),
(557, '2025-01-21', 'Bipolar disorder care', 226, 34),
(558, '2025-04-03', 'Hives treatment', 226, 39),
(559, '2025-03-06', 'Fracture follow-up', 226, 12),
(560, '2025-02-19', 'Parkinson disease management', 227, 5),
(561, '2025-01-21', 'Eating disorder support', 227, 36),
(562, '2025-03-18', 'Chest pain evaluation', 227, 2),
(563, '2025-04-15', 'Varicose vein surgery', 227, 30),
(564, '2025-03-09', 'Hives treatment', 228, 39),
(565, '2025-01-20', 'Difficulty breathing', 229, 24),
(566, '2025-02-20', 'Survivorship care', 230, 18),
(567, '2025-03-31', 'Vertigo consultation', 230, 6),
(568, '2025-04-10', 'Doppler ultrasound', 230, 25),
(569, '2025-03-04', 'Ankle sprain', 230, 12),
(570, '2025-02-17', 'Anaphylaxis', 231, 22),
(571, '2025-03-28', 'CT scan consultation', 231, 26),
(572, '2025-02-28', 'Skin cancer screening', 232, 40),
(573, '2025-03-29', 'Valve disease assessment', 232, 1),
(574, '2025-03-02', 'PET scan appointment', 232, 28),
(575, '2025-01-30', 'PET scan appointment', 233, 25),
(576, '2025-02-06', 'Growth development review', 234, 14),
(577, '2025-03-03', 'Stroke recovery', 234, 8),
(578, '2025-01-20', 'Lymphoma treatment', 234, 18),
(579, '2025-04-02', 'Brain imaging', 235, 28),
(580, '2025-04-05', 'Panic disorder', 235, 33),
(581, '2025-04-15', 'Skin cancer screening', 235, 40),
(582, '2025-02-11', 'Multiple sclerosis treatment', 235, 5),
(583, '2025-03-24', 'Chronic headaches', 236, 7),
(584, '2025-02-01', 'Respiratory infection', 236, 13),
(585, '2025-03-06', 'Asthma management', 237, 14),
(586, '2025-03-27', 'Panic disorder', 237, 34),
(587, '2025-03-01', 'Neuropathy pain', 237, 7),
(588, '2025-02-19', 'Breast cancer treatment', 237, 17),
(589, '2025-04-07', 'Ultrasound examination', 238, 28),
(590, '2025-04-01', 'Stroke recovery', 238, 6),
(591, '2025-02-07', 'Eczema management', 238, 38),
(592, '2025-02-16', 'Mole removal', 238, 39),
(593, '2025-04-08', 'Ultrasound examination', 239, 28),
(594, '2025-01-19', 'Anxiety management', 239, 34),
(595, '2025-02-04', 'Stroke recovery', 240, 5),
(596, '2025-04-07', 'Immunotherapy session', 240, 18),
(597, '2025-03-06', 'Hives treatment', 240, 37),
(598, '2025-01-25', 'Breast cancer treatment', 241, 19),
(599, '2025-03-21', 'Routine cardiac checkup', 241, 2),
(600, '2025-03-29', 'Severe burns', 241, 23),
(601, '2025-03-11', 'Appendectomy follow-up', 242, 30),
(602, '2025-03-03', 'Depression treatment', 242, 33),
(603, '2025-03-05', 'Fungal infection', 243, 39),
(604, '2025-03-13', 'Vitiligo management', 244, 40),
(605, '2025-04-09', 'Gallbladder removal', 245, 31),
(606, '2025-03-02', 'OCD treatment', 246, 33),
(607, '2025-02-28', 'Anxiety management', 247, 33),
(608, '2025-02-01', 'Newborn checkup', 247, 15),
(609, '2025-04-03', 'X-ray results review', 247, 26),
(610, '2025-02-07', 'Stress management', 248, 34),
(611, '2025-04-07', 'Vertigo consultation', 248, 6),
(612, '2025-03-31', 'Doppler ultrasound', 248, 27),
(613, '2025-02-13', 'ECG screening', 248, 4),
(614, '2025-03-08', 'Fungal infection', 249, 40),
(615, '2025-03-17', 'Multiple sclerosis treatment', 250, 8),
(616, '2025-01-15', 'Colon surgery prep', 250, 29),
(617, '2025-03-23', 'Bone density scan', 251, 28),
(618, '2025-02-05', 'Abdominal CT', 251, 27),
(619, '2025-03-11', 'Trauma processing', 251, 35),
(620, '2025-04-14', 'Bone density scan', 251, 28),
(621, '2025-02-11', 'Severe burns', 252, 21),
(622, '2025-02-17', 'Chest pain evaluation', 252, 3),
(623, '2025-03-29', 'Substance abuse counseling', 252, 34),
(624, '2025-03-06', 'Thyroid surgery consult', 253, 30),
(625, '2025-02-20', 'Severe bleeding control', 253, 22),
(626, '2025-02-17', 'Parkinson disease management', 253, 6),
(627, '2025-03-24', 'Parkinson disease management', 254, 7),
(628, '2025-02-16', 'Heart failure management', 254, 1),
(629, '2025-01-18', 'Arrhythmia consultation', 254, 4),
(630, '2025-04-02', 'Difficulty breathing', 254, 23),
(631, '2025-03-22', 'Ear infection', 255, 15),
(632, '2025-03-12', 'Newborn checkup', 256, 14),
(633, '2025-02-13', 'Stress test consultation', 256, 4),
(634, '2025-02-08', 'Stroke recovery', 256, 8),
(635, '2025-02-12', 'Broken bone', 257, 24),
(636, '2025-03-09', 'Eating disorder support', 257, 36),
(637, '2025-01-30', 'Thyroid surgery consult', 257, 32),
(638, '2025-03-24', 'MRI scheduling', 257, 26),
(639, '2025-04-07', 'Ultrasound examination', 258, 25),
(640, '2025-04-04', 'Biopsy procedure', 258, 30),
(641, '2025-04-01', 'Migraine treatment', 259, 6),
(642, '2025-02-22', 'Chronic headaches', 260, 6),
(643, '2025-03-28', 'PET scan appointment', 260, 27),
(644, '2025-03-20', 'Mole removal', 260, 37),
(645, '2025-02-28', 'Anxiety management', 260, 36),
(646, '2025-01-22', 'Skin cancer screening', 261, 37),
(647, '2025-04-09', 'Panic disorder', 262, 36),
(648, '2025-01-21', 'Immunotherapy session', 262, 20),
(649, '2025-03-17', 'ADHD assessment', 262, 16),
(650, '2025-03-05', 'Prostate cancer management', 263, 20),
(651, '2025-03-05', 'Breast surgery', 263, 30),
(652, '2025-01-22', 'Broken bone', 263, 23),
(653, '2025-03-21', 'Broken bone', 263, 24),
(654, '2025-04-10', 'Hives treatment', 264, 37),
(655, '2025-03-01', 'Respiratory infection', 264, 16),
(656, '2025-01-30', 'Abdominal CT', 264, 28),
(657, '2025-02-23', 'Valve disease assessment', 265, 4),
(658, '2025-02-11', 'Routine cardiac checkup', 265, 4),
(659, '2025-03-12', 'Fracture follow-up', 265, 9),
(660, '2025-01-26', 'Varicose vein surgery', 265, 29),
(661, '2025-03-01', 'Neuropathy pain', 266, 7),
(662, '2025-04-02', 'Anger management', 266, 33),
(663, '2025-03-30', 'ECG screening', 267, 3),
(664, '2025-01-26', 'Migraine treatment', 267, 5),
(665, '2025-01-30', 'Hemorrhoid treatment', 268, 32),
(666, '2025-04-06', 'ACL reconstruction follow-up', 269, 9),
(667, '2025-03-18', 'Growth development review', 269, 15),
(668, '2025-03-23', 'Hives treatment', 270, 37),
(669, '2025-02-01', 'Epilepsy medication review', 270, 6),
(670, '2025-02-14', 'Hypertension management', 271, 4),
(671, '2025-03-09', 'Wart removal', 271, 39),
(672, '2025-03-05', 'PET scan appointment', 271, 26),
(673, '2025-01-28', 'Skin cancer screening', 272, 40),
(674, '2025-03-17', 'Eating disorder support', 272, 36),
(675, '2025-02-28', 'Difficulty breathing', 273, 23),
(676, '2025-03-02', 'Stress management', 273, 36),
(677, '2025-01-22', 'Neuropathy pain', 274, 5),
(678, '2025-04-03', 'Lung cancer consultation', 275, 19),
(679, '2025-02-24', 'Chest X-ray', 275, 27),
(680, '2025-03-16', 'Ankle sprain', 275, 12),
(681, '2025-03-16', 'Hives treatment', 275, 40),
(682, '2025-03-30', 'Joint replacement surgery consult', 276, 9),
(683, '2025-04-10', 'Growth development review', 276, 16),
(684, '2025-03-09', 'Colon cancer screening', 276, 18),
(685, '2025-03-27', 'ACL reconstruction follow-up', 277, 11),
(686, '2025-01-15', 'Breast cancer treatment', 277, 17),
(687, '2025-04-08', 'Post-surgery follow-up', 277, 1),
(688, '2025-02-24', 'Cancer pain management', 278, 19),
(689, '2025-02-01', 'Gallbladder removal', 278, 30),
(690, '2025-02-13', 'Ankle sprain', 278, 12),
(691, '2025-02-12', 'Chemotherapy session', 278, 19),
(692, '2025-02-06', 'Carpal tunnel syndrome', 279, 12),
(693, '2025-03-01', 'Stress test consultation', 279, 1),
(694, '2025-03-19', 'Bipolar disorder care', 279, 34),
(695, '2025-01-31', 'ACL reconstruction follow-up', 280, 10),
(696, '2025-01-22', 'Ear infection', 281, 15),
(697, '2025-03-03', 'Panic disorder', 282, 35),
(698, '2025-03-08', 'X-ray results review', 283, 27),
(699, '2025-03-22', 'X-ray results review', 284, 28),
(700, '2025-02-19', 'Spine imaging', 284, 28),
(701, '2025-04-07', 'Vertigo consultation', 284, 5),
(702, '2025-02-12', 'MRI scheduling', 285, 27),
(703, '2025-02-16', 'Gastric bypass consult', 285, 30),
(704, '2025-04-05', 'Chest X-ray', 286, 25),
(705, '2025-02-08', 'Respiratory infection', 286, 16),
(706, '2025-04-15', 'Thyroid surgery consult', 287, 31),
(707, '2025-01-23', 'Cholesterol management', 288, 4),
(708, '2025-03-27', 'Tremor evaluation', 288, 8),
(709, '2025-03-11', 'Skin cancer screening', 288, 37),
(710, '2025-02-15', 'Seizure management', 289, 6),
(711, '2025-01-15', 'Migraine treatment', 289, 5),
(712, '2025-03-27', 'Thyroid surgery consult', 289, 32),
(713, '2025-03-13', 'Seizure management', 289, 6),
(714, '2025-02-17', 'Difficulty breathing', 290, 23),
(715, '2025-03-26', 'Radiation therapy planning', 291, 18),
(716, '2025-03-09', 'Diabetic emergency', 291, 23),
(717, '2025-03-06', 'Chest X-ray', 291, 27),
(718, '2025-03-09', 'MRI scheduling', 292, 26),
(719, '2025-04-11', 'Stroke recovery', 292, 5),
(720, '2025-03-10', 'Depression treatment', 292, 33),
(721, '2025-02-05', 'Radiation therapy planning', 292, 19),
(722, '2025-01-16', 'ACL reconstruction follow-up', 293, 9),
(723, '2025-04-02', 'Severe burns', 294, 24),
(724, '2025-01-20', 'Thyroid surgery consult', 295, 32),
(725, '2025-02-10', 'Leukemia treatment', 295, 20),
(726, '2025-02-14', 'Fever consultation', 296, 15),
(727, '2025-01-24', 'Immunotherapy session', 296, 19),
(728, '2025-03-12', 'Chest X-ray', 297, 27),
(729, '2025-03-14', 'ACL reconstruction follow-up', 297, 12),
(730, '2025-02-27', 'Gastric bypass consult', 297, 29),
(731, '2025-02-14', 'Spinal stenosis', 298, 9),
(732, '2025-02-11', 'Stress test consultation', 298, 4),
(733, '2025-03-24', 'Coronary artery disease', 298, 1),
(734, '2025-01-25', 'Biopsy procedure', 298, 32),
(735, '2025-04-01', 'Broken bone', 299, 22),
(736, '2025-04-13', 'Wound debridement', 299, 32),
(737, '2025-02-21', 'ECG screening', 300, 4);

-- ============================================
-- Reset sequence counters
-- ============================================
SELECT setval('department_id_seq', (SELECT MAX(id) FROM department));
SELECT setval('doctor_id_seq', (SELECT MAX(id) FROM doctor));
SELECT setval('insurance_id_seq', (SELECT MAX(id) FROM insurance));
SELECT setval('patient_id_seq', (SELECT MAX(id) FROM patient));
SELECT setval('appointment_id_seq', (SELECT MAX(id) FROM appointment));

-- Commit transaction
COMMIT;

-- ============================================
-- DATA SUMMARY
-- ============================================
-- Total departments: 10
-- Total doctors: 40 (4 per department)
-- Total insurance policies: 300
-- Total patients: 300 (all with insurance)
-- Total appointments: 737
-- ============================================